Year,RCP2601,RCP2602,RCP2603,RCP2604,RCP2605,RCP2606,RCP2607,RCP2608,RCP2609,RCP2610,RCP2611,RCP2612,RCP26spr,RCP26sum,RCP26aut,RCP26ann,RCP26win,RCP4501,RCP4502,RCP4503,RCP4504,RCP4505,RCP4506,RCP4507,RCP4508,RCP4509,RCP4510,RCP4511,RCP4512,RCP45spr,RCP45sum,RCP45aut,RCP45ann,RCP45win,RCP6001,RCP6002,RCP6003,RCP6004,RCP6005,RCP6006,RCP6007,RCP6008,RCP6009,RCP6010,RCP6011,RCP6012,RCP60spr,RCP60sum,RCP60aut,RCP60ann,RCP60win,RCP8501,RCP8502,RCP8503,RCP8504,RCP8505,RCP8506,RCP8507,RCP8508,RCP8509,RCP8510,RCP8511,RCP8512,RCP85spr,RCP85sum,RCP85aut,RCP85ann,RCP85win
1981,-0.7,0.3,0.4,-0.2,-0.6,-0.5,-0.2,0.6,0.2,-0.2,0.2,0.3,-0.1,0,0.1,0,-0.8,-0.2,-0.2,0.2,0,-0.3,-0.2,-0.2,0.7,0.1,-0.1,-0.1,-0.3,0.0,0.1,0,-0.1,-0.8,-1.4,-0.2,0,-0.3,-0.2,0,-0.3,0.4,0.5,-0.3,0.6,0,-0.2,0.1,0.2,-0.1,-0.4,-0.4,-0.4,0.1,0.1,0,-0.2,-0.3,0.3,0,-0.2,-0.2,-0.4,0.1,-0.1,-0.1,-0.1,-0.9
1982,-1,-1.7,-0.6,-0.6,0.2,-0.1,-0.1,0,-0.5,-0.5,-0.5,-1.8,-0.3,-0.1,-0.5,-0.6,-1.1,-0.5,-1.4,-1,-0.4,0.4,-0.3,-0.3,-0.1,-0.3,-0.3,-0.4,-1.9,-0.3,-0.2,-0.3,-0.5,-0.9,-0.9,-0.3,-0.8,-0.7,0.2,-0.1,-0.2,-0.4,-0.5,-0.5,-0.9,-2.4,-0.4,-0.2,-0.7,-0.6,-1.9,-0.7,-1.4,-1,-0.4,0.4,-0.2,-0.3,0,-0.3,-0.3,-0.3,-1.8,-0.3,-0.2,-0.3,-0.5,-0.9
1983,0.1,-1.5,-1.1,-2,-0.8,-1,-0.3,-0.9,-0.6,-0.4,-1,-1.9,-1.3,-0.7,-0.7,-0.9,-1.6,0,-0.6,-0.9,-1.5,-0.8,-1,-0.4,-0.9,-0.7,-0.5,-0.9,-1.7,-1.1,-0.8,-0.7,-0.8,-1.2,-0.3,-3,-1.7,-2.4,-1.1,-1,-0.4,-1.1,-0.4,-0.4,-1.5,-1.8,-1.7,-0.9,-0.8,-1.3,-1.4,-0.1,-0.5,-0.9,-1.3,-0.7,-1,-0.5,-0.8,-0.6,-0.3,-0.9,-1.7,-1.0,-0.8,-0.6,-0.8,-1.1
1984,-0.9,-1.9,-1.6,-0.7,-1.1,-1.1,0.1,-0.9,-0.8,0,0.2,-1,-1.1,-0.6,-0.2,-0.8,-0.9,-0.4,-1.3,-1.3,-0.7,-1.4,-1.1,0,-0.8,-0.8,-0.4,0,-1,-1.1,-0.6,-0.4,-0.8,-1,-1.7,-0.7,-0.8,-0.1,-0.9,-1,-0.3,-0.6,-0.8,0.1,-0.8,-0.9,-0.6,-0.6,-0.5,-0.7,-0.7,-0.3,-1.3,-1.4,-0.6,-1,-1,0.2,-0.7,-0.8,-0.4,-0.1,-0.9,-1.0,-0.5,-0.4,-0.7,-1
1985,-0.9,-0.8,-1.4,-0.9,-0.2,-0.4,-0.1,0,0.2,0.2,0.3,-1.6,-0.8,-0.2,0.2,-0.5,-1,-1,-0.9,-1.3,-0.9,-0.2,-0.3,0.1,0,0,0.1,0.5,-1,-0.8,-0.1,0.2,-0.4,-1,-1.1,-0.2,-1.4,-1.1,0.1,-0.5,-0.2,0.2,0.2,0.1,0.3,-2.1,-0.8,-0.2,0.2,-0.5,-0.6,-1,-1,-1.5,-1.2,-0.4,-0.3,-0.1,0,0,-0.1,0.6,-0.8,-1.0,-0.1,0.1,-0.5,-0.9
1986,-1,-0.5,-0.8,-1,-0.9,-0.6,-0.6,-0.5,-0.2,-0.3,-0.2,-0.6,-0.9,-0.6,-0.2,-0.6,-0.7,-1.5,-0.4,-0.8,-1.2,-1.1,-0.5,-0.8,-0.5,-0.3,0,0.3,-0.4,-1.0,-0.6,0,-0.6,-0.5,-0.1,0.4,-0.9,-0.9,-0.3,-0.7,-0.5,-0.4,-0.5,-0.9,-0.9,0,-0.7,-0.5,-0.8,-0.5,-0.3,-1.2,-0.6,-0.8,-1.3,-1.1,-0.5,-0.7,-0.6,-0.3,-0.1,0.1,-0.5,-1.1,-0.6,-0.1,-0.6,-0.6
1987,-0.7,-0.8,0.1,-0.1,-0.5,-0.5,-0.6,-0.3,-0.7,-0.5,-0.7,0.1,-0.2,-0.5,-0.6,-0.4,-0.9,-0.3,-0.5,-0.2,0.2,-0.5,-0.6,-0.4,-0.3,-0.7,-0.4,-1.4,-0.4,-0.2,-0.4,-0.8,-0.5,-0.8,-0.2,-0.6,0.2,0.9,0.1,0.1,-0.5,-0.4,-0.6,-0.3,-0.3,0.4,0.4,-0.3,-0.4,-0.1,-0.8,-0.4,-0.6,-0.1,0.2,-0.6,-0.5,-0.4,-0.3,-0.7,-0.5,-1.3,-0.4,-0.2,-0.4,-0.8,-0.5,-0.7
1988,-1.1,-1.6,-1.5,-0.4,0.2,-0.1,0.2,-0.2,-0.4,-0.8,-0.4,-1.3,-0.6,0,-0.5,-0.6,-0.2,-0.8,-1.1,-1.3,-0.4,0.2,0.2,0.2,-0.3,-0.1,-1.1,-0.2,-1.3,-0.5,0,-0.5,-0.5,-0.5,-1.6,-1.3,-1.5,-0.3,0,-0.2,0,-0.3,-0.4,-0.7,0.3,-0.3,-0.6,-0.1,-0.3,-0.5,-0.1,-0.6,-0.9,-1,-0.3,0.2,0.3,0,-0.2,-0.1,-1,-0.3,-1.4,-0.4,0,-0.5,-0.4,-0.6
1989,1.2,-0.4,-0.3,-0.4,-0.4,-0.5,0.3,0,-0.2,-0.6,-0.3,-0.1,-0.4,0,-0.4,-0.1,0.3,0.6,-0.6,-0.3,-0.5,-0.4,-0.4,0.3,-0.1,-0.1,-0.1,-0.3,-0.5,-0.4,-0.1,-0.2,-0.2,-0.2,0.8,-0.7,-0.2,0.3,0.2,0,0.3,0.2,0,-0.6,-0.5,-1.1,0.1,0.1,-0.4,-0.1,-0.5,0.3,-0.4,-0.2,-0.5,-0.4,-0.4,0.2,-0.1,-0.1,-0.2,-0.3,-0.3,-0.4,-0.1,-0.2,-0.2,0
1990,0.5,0.6,0.6,-0.2,0.4,0.1,0,0.3,-0.3,0,0,0.2,0.3,0.1,-0.1,0.2,0.2,-0.3,0.3,0.4,-0.3,0.7,0.4,0.1,0.3,0,-0.1,0.2,0.1,0.3,0.3,0,0.1,0.1,-0.2,-0.2,0.2,-0.4,-0.5,-0.3,0.1,0.2,-0.4,-0.2,-1.4,0.7,-0.2,0,-0.6,-0.2,0.6,-0.1,0.5,0.4,-0.1,0.8,0.2,0.1,0.3,-0.2,-0.1,0.1,0.1,0.4,0.2,-0.1,0.2,0.1
1991,-0.1,0.6,0.5,0.2,-0.1,-0.1,0.6,-0.3,-0.1,0.3,-0.3,0.3,0.2,0.1,0,0.1,0,0.2,0.2,0,0.2,0,0.1,0.5,-0.2,0,0.2,-0.2,-0.7,0.1,0.1,0,0,-0.5,0.5,0.5,-0.4,0.5,0.2,-0.1,0.3,-0.2,0.1,0.1,-0.6,1,0.1,0,-0.1,0.2,-0.6,0.3,0.2,-0.1,0.2,0,0.1,0.5,-0.1,0.1,0.2,-0.2,-0.6,0.0,0.1,0,0,-0.5
1992,0.7,-0.8,-1,-1.2,-0.2,-0.8,-0.9,-0.5,-0.1,-0.4,-0.7,-0.2,-0.8,-0.7,-0.4,-0.5,-0.4,0.3,-0.9,-0.8,-1.1,-0.6,-0.5,-0.9,-0.7,-0.6,-0.4,-0.8,-0.6,-0.8,-0.7,-0.6,-0.6,-0.5,0,-2.8,-1,-1.2,-0.2,-1,-0.7,-0.7,0.1,-0.1,-0.5,-1.9,-0.8,-0.8,-0.2,-0.8,-0.7,0.2,-0.9,-0.9,-0.9,-0.6,-0.6,-0.9,-0.7,-0.6,-0.4,-0.7,-0.6,-0.8,-0.7,-0.5,-0.6,-0.4
1993,-0.2,-0.9,-0.5,0,-0.4,-0.5,-0.8,-0.7,-0.3,0.3,-0.7,-0.3,-0.3,-0.7,-0.2,-0.4,-0.3,-0.7,0,-0.5,-0.1,-0.2,-0.6,-0.5,-0.5,-0.4,0.1,-0.4,-0.4,-0.3,-0.5,-0.2,-0.3,-0.2,0.7,-0.7,0.1,-0.1,0,-0.2,-0.7,-0.7,-0.5,0.1,-0.7,-0.4,0.0,-0.5,-0.4,-0.3,-0.7,-0.4,-0.1,-0.3,-0.1,-0.3,-0.6,-0.4,-0.6,-0.5,0.1,-0.6,-0.6,-0.2,-0.5,-0.3,-0.4,-0.3
1994,-0.3,-0.2,1.5,0.1,-0.1,0.1,-0.2,0,-0.2,-0.2,-0.2,0.6,0.5,0,-0.2,0.1,0.3,0.2,-0.2,1.3,0.3,0.3,0.3,-0.5,0.1,-0.2,-0.3,0.2,0.2,0.6,0,-0.1,0.1,-0.1,-0.7,-0.8,0.1,0,-0.3,0.6,-0.2,-0.3,-0.2,-0.1,-0.6,0.5,-0.1,0,-0.3,-0.2,0.3,0.2,-0.3,1.1,0.2,0.4,0.5,-0.4,0,-0.3,-0.3,0.2,0.1,0.6,0,-0.1,0.1,-0.2
1995,-0.4,0.7,-0.5,-0.6,-0.3,-0.2,-0.5,-0.6,-0.1,0.2,0.7,-1.1,-0.5,-0.4,0.3,-0.2,-0.4,-0.9,0.6,0.1,-0.2,-0.1,-0.2,-0.2,-0.4,-0.1,0.1,0.4,-0.3,-0.1,-0.3,0.1,-0.1,0,-0.6,1,-0.4,-0.6,-0.3,-0.5,-0.5,-0.4,-0.1,-0.2,0.7,-2.3,-0.4,-0.5,0.1,-0.4,-1,-0.9,0.4,0.1,-0.2,-0.1,-0.3,-0.2,-0.4,-0.1,0.2,0.4,-0.7,-0.1,-0.3,0.1,-0.2,-0.1
1996,0.3,-0.4,0.4,0.8,0.2,0.3,0,-0.2,0.1,0.2,0.1,-1.1,0.5,0,0.1,0.1,-0.3,0.9,-0.4,0.1,0.6,0.1,0,0,0.1,0,0.2,0.1,-1,0.3,0,0.1,0.1,-0.4,-1.1,0.4,-0.2,0.5,0.4,0.4,0,0,0,0,-0.4,-1.2,0.2,0.1,-0.2,-0.1,-0.3,1,-0.4,0,0.5,-0.1,0,0.2,0.2,-0.1,0.1,0,-0.8,0.1,0.2,0,0.1,-0.4
1997,-0.5,0.7,0.4,-0.1,0,0.1,-0.1,0.7,-0.2,-0.2,0.5,0.4,0.1,0.2,0,0.1,0.2,-0.4,0.2,1,-0.2,-0.1,0.1,-0.1,0.5,0,-0.3,0,0.1,0.2,0.2,-0.1,0.1,-0.2,-0.8,1.3,0.7,-0.4,0.4,0.3,-0.1,0.4,0.2,0,0.3,-0.6,0.2,0.2,0.2,0.1,0,-0.3,0.2,0.9,0,0,0.2,-0.1,0.5,0.1,-0.2,0.3,0.4,0.3,0.2,0,0.2,0
1998,-0.2,0.5,0.2,0.2,0.5,0.1,-0.1,0.4,0.3,-0.1,-0.3,0.1,0.3,0.1,0,0.1,0.3,0,-0.4,0,0.4,0.5,0,-0.1,0.4,0.2,-0.2,0,0,0.3,0.1,0,0.1,0.1,0.3,0.2,-0.1,0.1,0.1,0.3,0,0.2,-0.3,-0.2,0,0.1,0.0,0.2,-0.1,0.1,0.7,0.2,-0.3,0,0.4,0.6,-0.1,-0.2,0.4,0.2,-0.3,0.1,-0.2,0.3,0.1,0,0.1,0
1999,0.5,0.2,0.1,0.5,0.3,0,0.2,-0.1,0.4,0.4,0.8,1.7,0.3,0,0.5,0.4,1.3,0.3,0.1,-0.2,0.2,0.1,0,-0.1,0,0.3,0.6,1,1.1,0.0,-0.1,0.6,0.3,1.1,1.4,0.7,0.7,0.6,0.3,0.2,0.2,0,0.4,0.7,0.1,1.3,0.5,0.1,0.4,0.5,0.6,0.4,0,-0.2,0.1,0.1,0,0,0,0.4,0.6,1,1.2,0.0,0,0.7,0.3,1.1
2000,1.5,0.9,0.1,0,0,-0.1,0.4,0.2,0.4,0.4,-0.3,0.6,0.0,0.2,0.2,0.3,-0.4,1.7,0.8,0,0.2,0.2,0.1,0.4,0.4,0.2,0.2,0.2,1.8,0.1,0.3,0.2,0.5,0.2,0.5,0.1,0.3,-0.4,-0.4,-0.5,0.3,0.5,0.6,0.5,0.6,0.5,-0.2,0.1,0.6,0.2,-0.3,1.5,0.8,0,0.2,0.2,0.1,0.4,0.4,0.3,0.4,0.2,1.7,0.1,0.3,0.3,0.5,0.2
2001,-0.1,-1.5,-0.1,0.1,-0.1,0.5,0.7,-0.2,0,0.4,0.9,-1,0.0,0.3,0.4,0,0,-0.2,-0.8,-0.4,0.1,-0.3,0.1,0.5,0,0.1,0,-0.1,-1.1,-0.2,0.2,0,-0.2,0.2,0,-1.2,0.6,0.1,-0.2,0.3,0.6,0,0.2,0.5,1.6,-0.5,0.2,0.3,0.8,0.2,0.5,-0.3,-0.8,-0.2,0.1,-0.3,0.2,0.5,0.1,0.2,0.1,0,-0.8,-0.1,0.3,0.1,-0.1,0.2
2002,0.4,0.6,-0.1,0.6,0.5,0.5,0.4,0.3,0.2,0.2,0.6,0.5,0.3,0.4,0.3,0.4,0.3,1.1,0.8,0.5,0.7,0.4,0.3,0.4,0.3,0.3,0.6,0.4,1.1,0.5,0.3,0.4,0.6,0.5,1.3,0.7,-0.4,-0.1,-0.3,0.3,0.3,0.5,0,0.1,1,1.4,-0.3,0.4,0.3,0.4,1.1,0.8,0.8,0.5,0.6,0.5,0.3,0.4,0.2,0.3,0.6,0.5,1.1,0.5,0.3,0.5,0.5,0.4
2003,-0.2,0.6,-0.3,0.2,0.4,0.7,0.2,0.6,0.8,0.6,0.9,0.4,0.1,0.5,0.8,0.4,0,0,0.5,-0.7,0.2,0.2,0.6,0.4,0.6,0.8,0.8,0.5,0.6,-0.1,0.5,0.7,0.4,0.3,0,1.8,0,0.3,0.3,0.2,0.4,0.2,0.2,0.7,1.7,0.7,0.2,0.3,0.9,0.5,0,0,0.4,-0.7,0.1,0.3,0.5,0.4,0.5,0.7,0.7,0.5,0.7,-0.1,0.5,0.6,0.3,0.3
2004,-1,0.5,0.3,0.6,0.6,0.8,0.2,0.6,0.3,-0.1,0.2,1.1,0.5,0.5,0.2,0.3,0.9,-0.8,1.1,0.6,0.5,0.4,0.6,0.2,0.2,0.3,-0.1,0.2,1.2,0.5,0.3,0.2,0.4,0.7,-0.8,0.1,1.2,1,0.9,0.7,-0.2,0.6,0.7,0.3,0.5,1.8,1.0,0.4,0.5,0.6,1.2,-0.9,1.4,0.6,0.6,0.4,0.4,0.1,0.3,0.5,-0.1,0.2,1,0.5,0.3,0.2,0.4,0.6
2005,0.5,1.2,0.9,0.7,-0.1,0.3,0.6,0.4,0.3,0.2,-0.5,-0.2,0.5,0.4,0,0.4,-0.2,0.5,0.6,1.2,0.3,-0.1,0.1,0.6,0.1,0.3,0.3,-0.2,0.3,0.5,0.2,0.1,0.3,0.7,0.9,0.9,1,0.2,-0.4,0,0.8,0.5,0.4,0.4,-0.8,0.1,0.3,0.4,0,0.3,0.3,0.2,0.7,0.9,0.2,-0.1,0,0.6,0.1,0.3,0.3,-0.2,0.4,0.3,0.2,0.1,0.3,0.7
2006,1,-1.2,1,0.7,0.1,0.4,0.7,0.6,0.2,-0.3,-1.1,-0.5,0.6,0.6,-0.4,0.1,0.2,1.5,0.4,-0.1,-0.5,0.1,0.3,0.1,-0.2,0.4,0.5,2.5,2.8,-0.2,0.1,1.2,0.7,1.9,0.6,0.2,1.3,0.1,0.5,0.7,0.6,0.4,0.8,0.7,0.2,2.7,0.6,0.6,0.6,0.7,1.3,1.5,0.4,0.4,-0.2,0.3,0,0.9,0.5,0.1,0.6,0.2,0.6,0.2,0.5,0.3,0.4,0.8
2007,-0.3,1.6,0.5,1.1,0.1,0.2,0.6,0.1,0.4,0.2,0.5,0,0.6,0.3,0.4,0.4,-0.1,1.6,1.4,0.4,0.6,0.2,0.3,0.8,0.2,0.5,0.2,0.1,0.1,0.4,0.4,0.3,0.5,0.4,0.7,0.4,0.2,0.2,0.5,0.6,0.4,0.6,0.5,-0.2,1.4,0.2,0.3,0.5,0.6,0.5,1,1.6,0.3,-0.7,0.2,0.7,0.7,0.4,0.5,0.4,0.4,0.8,0.2,0.1,0.5,0.5,0.5,1.5
2008,0.2,-0.4,0.8,1.5,0.7,0.9,0.7,0,0.4,0.2,1.1,1.6,1.0,0.6,0.5,0.6,1.7,0.9,0.3,0.7,0.1,0.4,0.4,0.7,0.5,0.6,0.4,0.3,-0.4,0.4,0.5,0.4,0.4,0.1,1.7,1.1,1.5,0.6,0.3,-0.1,0,0.2,0.2,0.3,0.5,0.1,0.8,0,0.3,0.5,0.2,1.8,2.8,1.3,0.9,1.3,0.3,0.6,0.4,0.7,0.2,1.7,1.2,1.2,0.5,0.8,1.1,0.9
2009,1.6,1.9,1.5,0.2,0.4,0.8,1,0.9,0,0.3,2.1,2,0.7,0.9,0.8,1.1,1.2,0.7,0.3,0.5,-0.3,0.1,0.6,0.7,0.7,0.4,-0.4,1.1,1.6,0.1,0.7,0.3,0.5,0.9,0.2,0.3,-0.4,0,0.6,0.5,0.9,0.4,0.6,1.1,-0.2,-0.2,0.1,0.6,0.5,0.3,1.1,1.2,0.5,0.8,0,0.7,0.5,0.7,0,0.7,0,0.4,0.1,0.5,0.4,0.4,0.5,0.3
2010,0.9,0.8,1.1,0.6,0.4,0.5,1.1,0.5,0.2,0.5,1.6,0.6,0.7,0.7,0.8,0.7,1,1.3,-0.1,0.1,0.2,0.9,0.5,0.8,0.7,0.7,0.4,0.2,0.7,0.4,0.7,0.4,0.5,0.5,2.2,1.5,-0.3,1.4,0.8,0.8,0.5,0.8,0.3,0.9,1.6,1.1,0.6,0.7,1,1,0.9,0.9,0,1,0.6,0.4,0.3,0.9,0.5,0.4,0.7,0.3,0.7,0.7,0.6,0.5,0.6,0.9
2011,2.1,0.4,-0.1,0.9,0.6,0.6,0.7,0.8,0.1,0.4,0.3,2.1,0.5,0.7,0.3,0.8,1.9,0.2,0.9,1.4,0,0.5,1,0.5,0.7,0.8,0.1,1.6,2.8,0.6,0.7,0.8,0.9,1.6,0.7,0.7,1,-0.2,0,0.7,0.8,0.4,1.2,0.8,1.8,2.4,0.3,0.6,1.3,0.9,1.9,0.6,1.6,1.5,0.3,0.7,0.1,0.5,0.5,0.7,-0.1,0.1,1.1,0.8,0.4,0.2,0.6,0.9
2012,1.5,2,0.3,0.3,0.1,0.5,1,0.3,0.6,-0.1,1.5,2.5,0.2,0.6,0.7,0.9,2.1,1.3,0.8,0.5,1,0.3,0.6,0.6,0.7,0.5,-0.1,1.5,-0.3,0.6,0.6,0.6,0.6,0.4,2.1,1.2,-0.7,1.1,1,0.4,1.2,1.3,1.2,0.8,0.1,0.9,0.5,1,0.7,0.9,1.4,1.5,0.3,0.6,0.5,0.8,0.8,0.8,0.7,0.4,0.9,1.9,0.9,0.6,0.8,1.1,0.9,1.6
2013,2.2,1.6,2.1,0.9,1.2,0.7,1.3,0.6,0.8,0.6,1.9,1.8,1.4,0.8,1.1,1.3,1.7,0.3,1.4,1.2,-0.1,0.2,0.7,0.8,0.3,0.8,0.2,0.6,0.7,0.4,0.6,0.5,0.6,0.8,1.4,1.8,0.3,1.5,0.6,0.3,0.5,0.4,1.1,0,0.2,0.5,0.8,0.4,0.4,0.7,1.1,2.5,1.5,1.3,0.6,0.6,0.5,0.9,0.4,0.8,0.4,0.7,1.7,0.8,0.6,0.6,1,1.2
2014,2.2,1.3,1.2,1,0.7,1.1,1.4,0.9,0.3,0.3,1,0.9,1.0,1.1,0.5,1,0.9,1.1,0.7,1,0.5,0.7,0.7,0.4,0.4,0.9,0.8,1.5,1.3,0.7,0.5,1.1,0.8,1.1,1.2,1.8,1.1,1.1,0.9,0.3,1.3,1,0.6,0.6,1.9,2.4,1.0,0.9,1,1.2,0.6,1,1,0.7,1.2,1.2,1.5,0.7,0.3,0.8,1.2,1.1,1.9,1.0,0.8,1.1,1.1,1.5
2015,1.4,0.4,1.1,1.1,1,0.8,1.1,1.2,1.1,0.8,0.9,1.2,1.1,1,0.9,1,1.3,1.4,0.9,1.2,0.3,0.4,1,1.1,0.9,0.6,0.5,-0.7,0.7,0.6,1,0.2,0.7,1.3,0.4,-0.8,-0.3,0.8,0.9,0.9,0.8,0.8,1,-0.3,1.3,1.2,0.5,0.8,0.6,0.6,0.9,2.1,0.6,0.2,0.4,0.3,0.9,1.1,0.7,1,1,1.2,0.6,0.3,0.9,1,0.8,1.1
2016,0.7,1.9,2.8,1.5,1.1,1,1.2,1.1,1.1,0.8,0.8,1.9,1.8,1.1,0.9,1.3,1.7,1.6,1.8,0.5,0.7,0.5,0.7,1,0.5,0.7,0.9,0.7,1.8,0.6,0.7,0.8,0.9,1,0.1,1.6,0.6,0.3,0.3,0,1.1,1,1.1,1.1,0.1,2.1,0.4,0.7,0.8,0.8,1.6,1.5,1.4,0.2,0.5,0.8,0.9,1,0.7,0.8,0.4,2.4,1.7,0.5,0.9,1.2,1,1.7
2017,1.5,1.7,1.5,0.8,1,0.8,1.2,0.9,1.2,1,0.3,1.6,1.1,1,0.8,1.1,1.6,1.3,0.1,2.3,0.9,0.7,0.1,1.1,0.2,1.1,0.4,1,0.8,1.3,0.5,0.8,0.8,0.9,1.7,1,-0.2,0.2,-0.1,1,1.1,0.6,0.7,0.5,-1,0.2,0.0,0.9,0.1,0.5,1.1,2.3,1.4,1.4,1,1.6,0.8,0.9,1.2,0.5,0.7,1.3,2.6,1.3,1,0.8,1.3,2
2018,1.6,1.5,1.6,0.8,0.7,0.7,1.1,0.9,0.7,0.7,1.7,2.9,1.0,0.9,1,1.2,2.9,1.4,0.6,0.6,0.5,0.3,0.8,0.8,0.7,0.6,1,1,0.8,0.5,0.8,0.8,0.8,0.9,1.4,1.8,2.4,0.5,0.5,1,1,1,1.6,1.2,1.4,2.1,1.1,1,1.4,1.3,1.3,2.4,1.2,0.7,0.6,0.8,0.4,1.1,0.8,0.6,0.3,1.3,2.1,0.7,0.8,0.7,1,1.9
2019,3.5,2.4,0.9,0.9,0.7,0.2,1.5,0.5,1,0.9,1.2,2.1,0.8,0.8,1,1.3,1.5,1.3,0.9,0.5,0.8,1,0.6,1.2,0.8,0.7,0.8,0.2,2,0.8,0.9,0.6,0.9,1.6,0.9,0.8,0.7,1.1,1.2,1,1.1,0.9,1,0.6,1.5,0.7,1.0,1,1,1,0.7,1.8,1.8,1,0.4,0.4,0.7,0.8,0.7,0.7,0.3,1.1,1.3,0.6,0.7,0.7,0.9,1.4
2020,1.9,0.7,2,1.7,1.6,0.7,1,0.8,1,0.7,1.5,2,1.8,0.8,1.1,1.3,1.6,2.1,1,1.3,0.3,0.3,0.4,0.7,0.4,0.7,0.4,-0.1,0.7,0.6,0.5,0.3,0.7,1,1.1,0.4,-1.1,0.3,0.6,0.3,0.9,1,0.7,1,1.6,0.8,-0.1,0.7,1.1,0.6,0.7,2,1,0.6,0.9,1.4,1.2,1.1,0.9,1.1,0.4,1.6,2,1.0,1.1,1,1.2,1
2021,2.1,0.7,2.6,1.4,1.1,1.2,1.2,1.1,1.2,0.9,1.1,1.1,1.7,1.1,1.1,1.3,1.3,1.4,1,1.5,0.4,0.3,1.1,0.8,0.8,0.8,1.2,1.4,1.6,0.7,0.9,1.1,1,0.9,1,0.2,1.2,1.1,1.4,1.3,1.2,0.4,0.7,1.1,1.7,1.5,1.2,0.9,1.2,1.1,1.6,1.1,0.1,0.5,0.9,0.5,0.8,1,0.8,1.1,0.2,0.7,1.9,0.6,0.9,0.6,0.8,1.6
2022,1.6,1.1,1.2,1.6,1.6,1.3,1.2,0.6,0.5,1.1,1.2,2.7,1.5,1,0.9,1.3,2,0.9,0.3,0.8,0.7,0.8,0.7,0.6,1.1,0.7,0.2,0.9,1.2,0.8,0.8,0.6,0.7,1.2,1.1,2.2,1.3,0.5,1.3,0.7,1,0.7,1,1,1.4,0.9,1.0,0.8,1.1,1.1,1.1,1.9,1.3,1.8,1.1,1.1,1.2,1.1,1.2,1,1,0.6,2.1,1.3,1.1,0.9,1.3,2
2023,2,1.4,2.2,1.1,1.4,1.9,1.2,1.2,1,1.1,1.5,1.7,1.6,1.4,1.2,1.5,2.2,1.6,1.1,1,1.2,0.7,1.1,0.8,0.8,0.7,0.8,1.2,3,1.0,0.9,0.9,1.2,2.6,1.1,1.2,-0.7,0.2,0.8,1.7,1.4,0.8,0.9,1,0.9,2.8,0.1,1.3,1,1,2.1,2.2,1.7,0.7,1.4,0.5,1.4,1.4,1.3,1.2,1.5,2.8,3.2,0.9,1.4,1.8,1.6,2.6
2024,2.3,2.6,0.9,1.4,1.2,1.3,1.7,1,0.9,0.9,1.8,3.2,1.2,1.3,1.2,1.6,2.3,2.2,2.7,1.8,1.4,1.6,0.8,1.1,1.2,1,0.4,1.9,2.2,1.6,1,1.1,1.5,2.2,0.5,3.1,0.6,1.2,0.1,1,1.3,1.1,0.7,0.6,0.3,0.8,0.6,1.1,0.5,0.9,1.8,2.7,2.1,1.2,0.8,1.3,1.8,1.5,1.2,1.1,0.7,1.6,1,1.1,1.5,1.1,1.4,2.1
2025,2.2,1.5,1.3,1.3,1.2,1.4,1.3,1.4,1.3,0.9,0.1,0.6,1.3,1.4,0.7,1.2,0.9,2.9,1.7,0.7,1.3,1.7,0.6,1.4,1,1.2,1.4,1.4,1.6,1.2,1,1.3,1.4,1.4,2,2.5,1.8,2.1,1.2,1.6,1.5,1.1,1.1,1.4,1.6,0.9,1.7,1.4,1.4,1.6,1,2.6,2.7,0.5,0.6,1.3,1.3,1.1,1.4,1.4,0.8,1.4,1.8,0.8,1.3,1.2,1.4,1.8
2026,1,1.1,1.6,0.4,1,1.3,1.4,1,1.1,0.8,0.8,1.7,1.0,1.2,0.9,1.1,1.5,2,0.9,2.7,0.7,1.2,0.6,1.3,1.3,0.9,1,2.7,1.9,1.5,1,1.5,1.4,2.3,1.6,0.7,1,1.4,1.6,1.4,1.5,1.1,1.4,1.3,1.2,0.7,1.3,1.3,1.3,1.2,1.8,2.4,1.4,0.9,0.7,1.1,0.5,1.2,1.4,1.3,0.5,0.2,1.8,0.9,1,0.7,1.1,1.9
2027,1,1.9,1.8,1.2,1,1.8,1.7,1.1,1.3,0.3,1.8,3.2,1.3,1.5,1.1,1.5,2.3,2.8,2.3,2.9,1.5,1.3,1.3,1.5,1.2,1.1,1.2,1.7,2.7,1.9,1.3,1.3,1.8,2.7,2.6,2,1.5,2,1.8,1.5,1,0.9,1.2,1.5,0.9,2.5,1.8,1.2,1.2,1.6,1.6,2.4,1.6,1.3,1,1.7,1.5,1.2,1.4,1.5,1,1.7,1.9,1.3,1.4,1.4,1.5,2.2
2028,2,1.9,1.7,1,1.3,1.7,1.3,1.4,1.1,0.8,1.2,2.7,1.3,1.5,1,1.5,2.1,3.8,1.9,2.3,1.2,0.8,0.5,1.2,0.8,1.6,0.7,1.1,1,1.4,0.9,1.2,1.4,1.2,1.1,1.2,0.9,1.3,1.1,1.3,0.8,1.2,0.9,1.4,1.5,2.4,1.1,1.1,1.3,1.3,3,2,2.9,2.6,1.1,1.9,1.2,1.6,1,1.4,0.9,0.8,2.3,1.9,1.3,1,1.6,1.8
2029,2.7,0.9,0.9,1.6,1.6,1.3,0.9,1.2,0.8,0.6,2,2.6,1.4,1.1,1.1,1.4,2.3,1.4,1.4,1,0.6,1.3,1.2,1.2,1.3,1,1.3,1.3,1.7,1.0,1.3,1.2,1.2,1.7,3.9,2.8,1.6,1.1,1.5,0.7,0.9,1.4,1,1.4,1.3,0.9,1.4,1,1.2,1.5,1.8,2.3,1.1,2.4,1.6,1.6,1.3,1.4,1.4,1.4,1,2.6,3.4,1.9,1.4,1.7,1.8,2.8
2030,2.4,1.9,1.7,1.2,0.7,1.3,1.5,0.8,1.2,1.1,0.9,2.5,1.2,1.2,1,1.4,1.8,1.7,2,1.1,1.1,0.7,1.3,1.3,0.9,0.8,0.6,1,1.6,1.0,1.2,0.8,1.2,1.7,3.4,1.1,0.2,1,1.2,1.7,1.5,1,1.4,1.6,1,3.2,0.8,1.4,1.3,1.5,1.3,3.6,1.7,1.5,1.7,1.8,1.3,1.7,1.7,1.8,1.5,2.2,3.8,1.7,1.5,1.8,2,2.1
2031,1.2,1.7,3.3,1.1,1.6,1.4,1.8,1.8,1.4,0.6,1.6,2.2,2.0,1.7,1.2,1.7,2.1,2.1,1.5,2.1,1.9,1.3,0.8,0.9,1.3,1.1,1.1,1.5,2.3,1.8,1,1.2,1.5,1.7,-0.2,1,1.1,0.5,1,1.7,1.5,1.3,1,1.6,2.5,2.8,0.9,1.5,1.7,1.3,2,2.1,0.7,1.3,0.7,1.3,1.4,1.4,1.3,1.3,1,1.7,2.4,1.1,1.4,1.3,1.4,2.5
2032,1.7,2.4,2,1.4,1,1.3,1.4,1.2,0.5,0.9,1.5,2.3,1.5,1.3,1,1.5,2.2,1.4,1.5,1.9,1.3,1.3,1.3,1.6,1.1,1,0.8,1.8,2.6,1.5,1.3,1.2,1.5,2.5,1.3,1.8,0.9,1.1,1.3,1.1,1.6,1.5,1.2,0.6,2.4,0.7,1.1,1.4,1.4,1.3,1.2,2.3,3.1,1.7,1.9,1.6,1.5,1.7,1.6,1.9,1.5,1.7,2.4,1.7,1.6,1.7,1.9,2.7
2033,3.2,1.1,1.7,1.3,1.1,1.4,1.3,1.1,0.8,0.3,0.9,2.1,1.4,1.3,0.7,1.4,2.1,2.3,2.9,3.2,2.2,2,1.6,1.7,1.5,1.4,1.7,0.8,2.8,2.5,1.6,1.3,2,2.6,2.9,0,0.6,1,1.1,1.1,1.2,1.4,1.4,2.1,0.6,1.2,0.9,1.3,1.4,1.2,1.6,3.4,2.5,2,1.5,1.6,1.1,1.3,1.4,1.4,1.1,2.6,2.2,1.7,1.3,1.7,1.8,2.3
2034,2.3,1.9,1.2,0.9,1.9,1.6,1.5,1.2,1.4,1.1,2.1,1.8,1.3,1.4,1.5,1.6,2.4,2.9,2.3,2.6,2,1.5,1,1.5,1.2,1.2,1.2,1.4,2.2,2.0,1.2,1.3,1.7,2.3,2.3,1.5,1.5,1.5,1.7,1.3,1.4,1,1.2,1.5,2.3,2.6,1.6,1.2,1.7,1.7,2.5,2.8,2,2.8,1.6,1.8,1.8,1.6,1.8,2.1,1.9,1.8,1.4,2.1,1.7,2,2,2
2035,2.5,2.9,1,1.2,1.1,1.5,1.6,1.7,1.3,1,2.2,2.8,1.1,1.6,1.5,1.7,2.5,3.1,1.9,2.3,1.3,1.4,1.6,1.7,1.7,1.7,1.4,1.7,2.5,1.7,1.7,1.6,1.9,2.2,3.1,1.6,1.5,1.8,1.4,1,1.7,1,1.5,1.5,1.5,2,1.6,1.2,1.5,1.6,1.9,2.7,1.9,1.7,1.9,1.4,1.6,1.8,1.7,1.9,1.6,1.6,3.5,1.7,1.7,1.7,1.9,3.6
2036,2.8,2.1,2.2,1.4,1.4,1.4,1.4,1,1.6,1.1,1.3,3.2,1.7,1.3,1.3,1.7,2.7,2.5,1.8,2.1,2.1,1.4,1.1,2,1.4,1.3,1.1,2.4,2.9,1.9,1.5,1.6,1.8,2.4,1.8,1.9,1.2,2.1,0.9,1.4,1.4,1.5,1.6,1.1,2.7,2,1.4,1.4,1.8,1.6,1.8,3.8,3.6,2.3,1.9,1.6,2.1,2.2,1.6,1.5,1.6,2,2,1.9,2,1.7,2.2,2.4
2037,2.7,2.3,2.4,1.6,2.1,1.2,1.5,1.4,1.4,1.6,1.5,1.7,2.0,1.4,1.5,1.8,2.3,2.4,2,1.4,1.1,1.3,1.2,1.5,1,1,1.6,2,3.4,1.3,1.2,1.5,1.7,2.9,1.5,1.8,1.6,1.5,0.8,0.9,1.5,1.5,1.1,1.3,0.6,0.9,1.3,1.3,1,1.3,1,2.8,2.6,2.6,1.9,1.3,1.6,2.3,1.9,1.7,1.5,1.6,3.2,1.9,2,1.6,2.1,3.1
2038,3.7,1.7,2.2,1.7,1.4,1.6,1.5,1,1.1,1.1,2,0.9,1.8,1.4,1.4,1.7,1.3,3.2,2.3,2.9,1.9,2.2,2.1,2.1,1.4,1.8,1.2,2.5,3.4,2.3,1.9,1.8,2.2,3.3,0.8,1.2,0.1,1.7,2.4,1.7,1.3,2,1.9,1.6,2.4,2,1.4,1.7,2,1.6,2.3,3.3,3.1,2.7,2.8,2.1,1.9,2.1,2.2,2.1,1.5,2.1,4,2.5,2.1,1.9,2.5,4
2039,2.2,0.9,1.4,1.7,2,1.4,2.2,1.9,1.3,1.6,2.6,3.9,1.7,1.9,1.8,1.9,2.8,3.9,2.9,2.6,1.8,1.3,1.4,1.6,1.3,1.1,1.1,2.1,2.8,1.9,1.4,1.4,2,2.6,2.8,2.2,2.8,2.8,2.4,1.7,1.6,1.6,1.5,1.3,0.3,3.2,2.7,1.6,1,2,2.7,5,3.1,2.4,2.1,2.5,1.5,2,1.9,1.5,1.3,2.5,4,2.3,1.8,1.8,2.5,3.4
2040,2.6,2,2.6,1.7,1.9,1.3,1.4,1.2,1,0.5,1.1,3.1,2.1,1.3,0.9,1.7,2.4,3.2,2.1,2.1,1.4,2.1,1.5,1.7,1.2,1.3,1.5,2.1,2.6,1.9,1.5,1.6,1.9,2.6,3.4,1.5,1.8,2.4,2.4,1.5,1.2,1.4,1.9,1,2.6,3.5,2.2,1.4,1.8,2.1,1.9,3.6,2.8,2.9,2.2,1.7,2.1,2.1,1.8,1.9,1.2,1.1,1.4,2.3,2,1.4,2.1,2.2
2041,2.8,1.4,3.4,1.9,2.1,1.5,1.5,1.3,1.5,1.8,1.7,2.8,2.5,1.4,1.7,2,2.8,3.1,2.4,3.3,2.5,2.3,1.9,1.8,1.5,1.8,1,2.1,3,2.7,1.7,1.7,2.2,2.7,1.2,1,1.5,1.7,0.9,1.4,1.5,1.5,1.7,0.8,0.4,2.2,1.4,1.5,1,1.3,1.9,2.6,2.8,2.7,2,2.3,2.1,2.2,2,2,2,2.3,3.1,2.3,2.1,2.1,2.3,3.7
2042,3.6,2.2,2.4,2,2,1.5,2,1.6,1,1,1.2,3,2.1,1.7,1.1,2,2.8,3.4,2,2.5,2.3,2.2,2.1,2,1.6,1.6,1.4,1.6,3.2,2.3,1.9,1.6,2.2,3.1,1.6,1.8,1.2,1.8,0.8,0.8,1.7,2,1.9,2.2,1.8,1.5,1.3,1.5,2,1.6,2.1,4.6,3.6,2.4,1.8,2.3,2.1,2.4,1.8,1.9,1.7,2,3.3,2.2,2.1,1.9,2.5,3.5
2043,2.8,2.7,2.6,2.1,1.8,1.5,1.6,1.4,1.2,1.2,0.5,2.2,2.2,1.5,1,1.8,1.6,3.4,2.9,4.2,2.8,1.8,1.7,1.7,1.8,1.3,1.7,2.4,2.8,2.9,1.7,1.8,2.4,3.5,2.5,2.4,1.4,1.5,2.2,1.6,1.5,1.5,2.3,1.2,2.3,2.9,1.7,1.6,1.9,2,2.3,4.1,3.2,3.1,2.4,1.9,2.6,1.9,2.2,2.3,2.2,3.2,3.9,2.5,2.2,2.6,2.8,3.6
2044,2.2,0.6,1.9,1.7,1.4,1.1,1.4,1.5,1.4,0.7,1,2.1,1.7,1.3,1,1.4,2.1,4.5,3.4,3.3,2.3,1.6,2.1,1.9,1.8,1.6,1.2,1.8,2.9,2.4,1.9,1.5,2.4,2.8,1.8,2.3,2.6,1.2,2.2,1.8,1.8,2.2,1.7,0.9,1.6,2.1,2.0,2,1.4,1.9,2.2,4.5,2.7,3.9,2.7,2.5,1.6,1.9,2,2.3,1.5,2.3,3.8,3.0,1.9,2,2.6,3.7
2045,1.6,2.6,2.5,2.6,1.6,1,1.6,1.1,1.3,1.1,1.7,2.4,2.2,1.2,1.4,1.7,2.8,3.2,2.5,3.7,2.5,2.2,1.8,1.7,1.2,1.8,1,2.6,3.7,2.8,1.6,1.8,2.3,3.8,1.5,3,3.3,1.6,1.2,1.9,2,2.3,1.6,2.4,2.8,4,2.0,2.1,2.3,2.3,2.8,4.1,3.2,2.4,1.6,1.4,2,1.9,2.1,1.9,2.2,2.4,3.9,1.8,2,2.2,2.4,3.2
2046,2.3,3.8,2.9,1.9,1.9,1.9,1.9,1.4,1.4,1.7,2,2.5,2.2,1.7,1.7,2.1,2.5,4.2,3.6,3.1,2.8,2.4,1.4,1.8,2.1,1.9,2.1,3.3,3.9,2.8,1.8,2.4,2.7,3.2,2.4,2.1,1.8,2,1.7,1.6,1.9,1.4,1.4,1.6,3,1.4,1.8,1.6,2,1.9,2.9,3.4,2.7,3.2,2.6,2.5,2.1,2.4,2.3,2.2,2.1,2.3,3.4,2.8,2.3,2.2,2.6,3.3
2047,3.8,1.3,1.3,2.2,2.2,2,1.7,1.4,1.6,1.2,1.1,3.9,1.9,1.7,1.3,2,3,3.6,2.3,2.5,2.7,1.8,2.2,2.1,1.8,1.7,1.1,1.6,4.1,2.3,2.1,1.4,2.3,3.5,4,3.4,2,2.1,1.5,1.6,2.1,1.6,1.5,1.3,2.8,4.5,1.9,1.8,1.9,2.4,3.4,3.8,2.9,2.2,2.2,2.2,2.4,2.4,2.6,2.2,1.7,3.1,4.8,2.2,2.4,2.3,2.7,4.5
2048,2.8,2.2,2.7,2.8,2.2,1.8,1.6,1,1.5,1.4,1.6,2.8,2.6,1.4,1.5,2,2.9,4.2,2.5,2.5,1.9,2.1,1.9,2.2,1.6,1.3,1.7,2.6,3.2,2.2,1.9,1.9,2.3,3.3,2.8,3,2.2,1.8,2.1,1.2,1.8,1.3,2.1,1.8,2,3.8,2.0,1.4,2,2.2,3.3,4.9,4.1,3.4,2,2.9,2.6,2.5,2.1,2.6,2.9,1.9,3.8,2.8,2.4,2.5,3,4.1
2049,3.1,2.8,2.9,2.7,2.4,1.5,1.5,1.6,1.4,0.9,2.1,2.2,2.7,1.5,1.4,2.1,2.2,3.3,3.7,2.6,1.8,2.2,2.2,2.1,1.5,1.8,1.6,1.9,3.5,2.2,1.9,1.8,2.3,2.8,2.8,3.5,2.7,1.7,1.3,1.1,1.7,1.5,1.6,2.3,1,2.9,1.9,1.5,1.6,2,2.3,4.3,4.3,3.2,2.5,2.6,2.7,2.7,2.6,2.7,2.2,3.1,4.2,2.8,2.6,2.7,3.1,4.2
2050,2.6,1.9,2.5,1.6,2,2.1,2.2,1.4,1.3,1,1.9,2.3,2.0,1.9,1.4,1.9,2.4,3.4,1.7,2.4,1.5,1.7,1.8,1.7,1.7,1.6,1.3,2.5,3.3,1.9,1.7,1.8,2.1,3.8,1.2,2.8,1.3,2.3,1.6,1.5,2,1.5,1.5,1.8,2.1,5.4,1.7,1.7,1.8,2.1,4.3,5.2,3.4,3.2,2.6,3.1,2.7,2.4,2.2,2.3,1.9,3,4.3,3.0,2.5,2.4,3,4.3
2051,2.6,2.4,3.2,2.6,1.5,1.7,1.6,1.9,1.4,1.5,2.1,3.8,2.4,1.7,1.7,2.2,3.1,4.8,3.5,2.8,2.4,2.2,2.4,2.2,2.3,2.3,1.4,2.3,3.5,2.5,2.3,2,2.7,4.1,4.1,3.5,1.5,2.4,2.2,2.5,2,2,1.6,1.8,2.4,2.7,2.0,2.1,1.9,2.4,2.2,4.9,3.7,3,2.7,3.3,2.8,3.1,2.6,2,2,2.7,5.2,3.0,2.8,2.3,3.2,4.2
2052,3.5,2,2.3,1.7,1.7,2.1,1.7,1.3,1,1.3,2.2,3.9,1.9,1.7,1.5,2,2.9,5,4,3.5,2.3,2.3,2.6,2.1,2,1.8,1.5,2.1,3.3,2.7,2.3,1.8,2.7,3.6,1.6,2.4,0.9,1.8,1.4,1.9,2.5,1.5,2,2.8,2.9,4.3,1.4,2,2.6,2.2,4.5,4.5,3,2.9,2.6,3.1,2.7,2.7,2.6,2.2,2.9,3.6,4.8,2.9,2.7,2.9,3.1,4.8
2053,3.1,1.9,2.9,1.9,2,1.8,2.1,1.3,1.1,1.1,1.2,2.6,2.3,1.8,1.1,1.9,3.7,4.2,3.5,2.7,2,2.4,1.8,2.5,2.4,2.1,1,1.5,3.3,2.4,2.2,1.5,2.4,3.7,4.8,4.4,1.5,0.9,1.9,2.2,2.1,2.1,1.7,1.9,2.7,3.5,1.4,2.1,2.1,2.5,4,5.4,4.4,5,3.5,3.4,3.8,3,2.7,2.7,2,2.8,5.7,4.0,3.1,2.5,3.7,4.9
2054,4.5,4.1,3.7,1.9,2,2.3,1.8,1.3,1.4,0.9,1.8,3.4,2.5,1.8,1.4,2.4,3.2,4.4,3.6,4.2,2.2,2.3,2.5,2.1,2,1.6,1.5,3,3.9,2.9,2.2,2,2.8,4.2,5.3,3.2,3.2,2.1,1.4,1.7,2.2,1.9,2.1,1.7,2.9,4,2.2,1.9,2.2,2.6,3.6,5.1,4.1,3.5,3.4,3.2,3.5,3.2,2.9,2.8,2.4,2.8,4.1,3.4,3.2,2.7,3.4,4.6
2055,3.5,2.8,3.2,2.1,1.7,1.6,1.2,1.6,1.6,1.5,1.4,2.1,2.3,1.4,1.5,2,2.5,4.6,4.3,3.3,2.5,2.3,2.1,2.1,1.8,2,1.3,2.5,5.3,2.7,2,1.9,2.8,5.1,3.4,3.6,2.3,2.1,1.9,1.4,2.4,1.9,2.4,1.9,2.3,1.8,2.1,1.9,2.2,2.3,2.6,5.1,4.9,3,3.2,2.9,2.5,2.9,2.9,2.8,2.8,3.6,5.2,3.0,2.8,3.1,3.5,5.1
2056,3.7,1.7,2.1,2.1,2,1.7,1.7,1.6,1.1,1.2,2.2,3.8,2.1,1.7,1.5,2.1,3.2,5.8,4.5,3.9,2.6,2.5,1.9,1.8,1.7,2.5,1.9,2.2,4.3,3.0,1.8,2.2,3,4.3,3.2,2.7,1.7,2.8,1.4,1.9,2.7,2,2.5,3.3,2.3,2,2.0,2.2,2.7,2.4,2.1,5.7,4.6,4.8,3.5,3,2.8,3,3.7,2.7,2.1,3.2,5.2,3.8,3.1,2.7,3.7,4.7
2057,3.9,2,2.6,2.2,1.3,1.3,1.4,1.2,1.2,0.8,1.7,2.1,2.0,1.3,1.2,1.8,2.4,5.3,3.4,2.8,2.8,2.3,2,2.1,2,1.6,1.3,2.1,3.1,2.6,2,1.7,2.6,3.2,2.1,2.3,2.3,2.8,2.6,1.7,2.1,2.1,2.2,2,2.4,3.9,2.6,1.9,2.2,2.4,3.4,5.5,3.6,3.8,3,3.1,2.9,3,2.9,2.8,2.5,2.8,5.6,3.3,2.9,2.7,3.5,5.6
2058,2.3,2.9,2.9,2.4,1.6,1.5,1.7,1.4,1,1.4,1.8,2.8,2.3,1.5,1.4,2,2.2,4.2,2.4,2.9,2.5,2.1,1.8,2.1,2.2,2.4,1.8,2.4,4.2,2.5,2,2.2,2.6,3.6,4.2,2,1.7,1.8,2.7,2,2.4,1.9,2,2.4,2.3,3.8,2.1,2.1,2.3,2.5,3.5,6.2,5.2,5.1,3.8,3.3,3,3.4,3.5,3.2,2.8,3.2,5.1,4.1,3.3,3.1,4,5.8
2059,1.7,2,2.8,2.8,1.8,2,1.5,1,1.8,1.3,2,2.9,2.5,1.5,1.7,2,3,4,2.7,2.6,2.6,2.4,2.1,2.6,2.4,2.3,2,2.7,3.2,2.5,2.4,2.3,2.6,3.6,3.9,2.9,2.7,1.8,1.8,2.1,2.1,2.5,2.3,2,1.5,2.8,2.1,2.2,1.9,2.4,3.2,6.4,6,4.4,2.8,2.8,2.6,3.1,3.6,3.3,2.9,3.2,5.8,3.3,3.1,3.1,3.9,5.7
2060,3.5,2.7,1.6,2.4,2.1,1.8,1.9,1.6,1.3,1.3,1.6,3.2,2.0,1.8,1.4,2.1,3.4,4.3,3.4,2.9,2.6,2.4,2.7,2.7,2.5,2.5,2,2.5,2.7,2.6,2.6,2.3,2.8,3.6,3.8,3.2,1.8,2.5,1.7,1.9,2.8,1.8,2.7,2.3,2.7,4.7,2.0,2.2,2.6,2.7,4.6,6.8,4.5,4,3.2,3.3,3.4,3.4,3.4,3.2,3.2,3.2,5,3.5,3.4,3.2,3.9,5.5
2061,4.4,2.8,2.3,2,1.8,1.9,1.5,1.4,1.8,1.3,1.5,1.8,2.0,1.6,1.5,2,2.9,4.4,3.8,3.1,2.3,2.2,2.9,2.7,2.4,2.3,2.1,2.4,4.8,2.5,2.7,2.2,2.9,5,4.2,5,1.8,2.3,2.7,2.1,2.1,2.4,2.9,2.1,2.7,4,2.3,2.2,2.6,2.8,3.7,6.8,4.9,4.3,3.9,3.5,3.8,4,3.5,3.1,2.8,3.6,4.2,3.9,3.8,3.2,4,4.7
2062,3.3,3.7,2.5,1.7,1.9,1.6,1.9,1.3,1.3,1,1.1,3.3,2.0,1.6,1.1,2,3.5,6.2,4.3,4,2.7,2.9,2.8,2.4,2,2,1.4,2.3,4.2,3.2,2.4,1.9,3.1,4,3.5,3.6,3.1,2.7,3.4,2,2.8,1.9,2.5,2.2,3.2,4,3.1,2.2,2.6,2.9,3.2,5,5,3.8,3.2,3.6,3.4,3.8,3.4,3.7,3.4,4,5.6,3.5,3.6,3.7,4,6
2063,4.2,3,2.2,1.2,2.4,1.4,1.5,1.5,1.1,1.3,0.3,2.2,1.9,1.5,0.9,1.8,2.5,4.5,3.5,3.7,2.3,2.4,2.8,2.4,2.1,2,2.2,2.6,4.2,2.8,2.4,2.3,2.9,4.4,3,2.5,2.3,2.4,2.9,2,2.9,2.7,2.4,1.8,2.1,3,2.5,2.6,2.1,2.5,3.5,7.2,5.2,3.6,3.7,3.2,3.3,3.8,3.9,3.1,3.1,4.1,5.9,3.5,3.7,3.4,4.2,5.8
2064,3,2.3,3.4,2.4,1.8,2,1.6,1.6,1.1,1.5,1,2.6,2.5,1.7,1.2,2,3.2,4.9,4.4,3.7,3,2.4,2.9,2.2,2.1,2.2,1.6,2.5,3.9,3.0,2.4,2.1,3,4.2,4.6,2.8,2.9,3.1,2.6,2.2,2.8,2.7,2.9,2.1,2.4,3.2,2.9,2.6,2.5,2.9,3.5,6.4,5.4,4.7,3.9,3.6,3.6,3.8,3.6,3.9,3.6,4.1,5.9,4.1,3.7,3.9,4.4,6.2
2065,3.8,3.4,2.9,1.7,1.8,1.4,1.6,1.6,1.6,1.4,2.1,3.3,2.1,1.6,1.7,2.2,3.3,5,4,3.6,2.2,2.2,2,2.4,1.9,1.8,1.6,1.1,4.2,2.7,2.1,1.5,2.7,4.5,3.4,3.9,4.5,3.2,2.6,1.9,2.8,2.6,2.5,2.1,3.7,3.8,3.4,2.4,2.7,3.1,3.6,6.8,6.1,5.1,3.8,3.8,3.5,4.2,3.7,3.7,3.3,3.9,5.3,4.2,3.8,3.6,4.4,5.9
2066,3.7,2.9,2.5,2.2,1.9,1.5,1.6,1.1,1.2,0.6,1.2,3.2,2.2,1.4,1,2,3.5,5,4.5,4.1,3,2.5,2.4,2.6,1.9,2.3,1.9,3,3.9,3.2,2.3,2.4,3.1,5,3.9,3.3,3.3,3.7,1.8,2.9,2.9,2.9,3.1,2.8,3.4,5.3,2.9,2.9,3.1,3.3,5,6.3,6.2,4,4.2,3.9,4.1,3.9,3.6,3.6,3.6,3.9,5.7,4.0,3.9,3.7,4.4,5.8
2067,4.2,3.2,2.8,1.8,2.2,1.5,1.5,1.2,1.6,1.5,1,2.1,2.3,1.4,1.4,2,2.5,5.6,5.6,4.2,2.8,3,2.9,2.5,2.1,2.3,2,3.3,5.6,3.3,2.5,2.5,3.5,5,5.7,4,2.4,3.1,2,2.5,2.1,2.3,2.8,2.9,2,3.3,2.5,2.3,2.6,2.9,3.4,6.3,5.6,4.1,4,3.7,4,3.8,4.2,3.8,3.8,3.4,5.7,3.9,4,3.7,4.4,6.5
2068,2.4,3.2,3.9,2.1,2.9,2.2,1.8,1.4,1.6,1.3,2.6,4.4,3.0,1.8,1.8,2.5,3.7,4.8,5,4.3,3.3,2.6,2.7,2.5,2.8,2,1.2,2.6,5.2,3.4,2.7,1.9,3.2,4.9,3.2,3.7,3.9,2.1,1.6,2.2,3.4,3.1,2.5,2.6,3.2,4.6,2.5,2.9,2.8,3,4.1,7.9,6,5.1,4,4.1,4,4.4,4.4,3.6,2.9,4.3,6.6,4.4,4.3,3.6,4.8,6.9
2069,4,2.8,2.3,2.4,2.1,1.5,1.3,1.3,1.2,0.4,1,2.6,2.3,1.4,0.9,1.9,2.9,5.3,4.3,3.9,3,2.1,2.6,2.4,2.6,2.2,2.3,2.8,5.5,3.0,2.5,2.4,3.2,4.4,4.2,3.5,3.5,3,2.4,2.5,2.8,3,2.9,2.2,3.8,6,3.0,2.7,3,3.3,5.2,7.9,6.4,4.7,4.3,3.9,3.5,4.2,3.9,4.1,3.8,4.3,6.8,4.3,3.8,4,4.8,6.8
2070,3.2,2.9,1.9,1.7,1.1,1.7,1.8,1.4,0.6,0.7,1.5,2.7,1.6,1.6,0.9,1.8,2.8,4.2,3.7,2.2,2.9,3,2.5,2.7,2.7,2.7,2.3,2.8,4.3,2.7,2.7,2.6,3,4.4,5.2,4.5,4.7,3.2,1.9,2.1,2.6,2.8,3.1,1.7,3.8,5.2,3.3,2.5,2.9,3.4,4.5,7.1,6.7,4.8,4.1,4,3.3,4.1,3.9,3.5,3.5,4.5,6.9,4.3,3.7,3.8,4.7,7.4
2071,3.5,2.4,2.5,1.8,2.1,1.8,1.4,1.1,1.3,1.2,2.2,3.3,2.1,1.5,1.6,2.1,2.9,5.6,3.6,3.9,2.9,3.1,3,2.3,2.1,2.4,2.6,2.7,4.4,3.3,2.4,2.6,3.2,4.7,3.7,4.5,3.1,3.6,3.2,2.3,3.3,2.9,3,2,2.6,4.2,3.3,2.8,2.5,3.2,4.5,9,6.5,5.3,4.5,4.3,3.9,4.5,4.1,4.4,4.2,4.7,6.9,4.7,4.1,4.4,5.2,6.6
2072,3.1,2.5,2.7,2.3,2,1.7,1.6,1.2,1.3,1.2,1.2,2.7,2.3,1.5,1.2,2,3,5.6,4.2,3.9,3,3,2.6,2.4,2.4,2.4,2.3,2.3,3.6,3.3,2.5,2.3,3.1,4.3,4.4,4.9,3.2,2.1,1.9,2.6,2.7,2.9,2.9,2.9,3,4.6,2.4,2.7,2.9,3.2,4.6,7.4,5.9,4.8,4.2,3.9,4.5,4.4,4.3,3.9,3.5,4.5,6.1,4.3,4.4,4,4.8,6.9
2073,3.4,2.9,2.7,2.2,2.2,2.3,2,1.4,1.6,1.1,1,2.6,2.4,1.9,1.2,2.1,3.3,5.3,4.1,4.2,3.4,2.5,2.1,2.9,2.5,2.4,2.5,3.8,3.8,3.4,2.5,2.9,3.3,4.5,4.8,4.5,4,2.9,3.6,3.7,3,3,2.8,2.8,4.5,3.9,3.5,3.2,3.4,3.6,5,7.8,7.1,5.7,4.7,4.8,4.6,4.8,4.6,4.4,3.6,5,6.6,5.1,4.7,4.3,5.3,7.3
2074,3.4,4,2.2,2.3,2.5,1.7,1.7,1.4,0.9,1.3,1.9,3.3,2.3,1.6,1.4,2.2,3.3,5.6,4.3,3.8,3.4,3.1,2.7,2.6,2.3,1.9,1.8,2.8,4,3.4,2.5,2.2,3.2,4.5,6.5,4.6,4.1,3.8,3.8,3.1,3.6,2.9,2.9,2.7,3.1,6.4,3.9,3.2,2.9,4,4.9,8.2,7.2,6,4.6,4.8,4.2,4.6,4.2,4.3,3.7,4.6,6.9,5.1,4.4,4.2,5.3,7.1
2075,3.9,2.8,2.7,2,2.2,2.1,1.6,1.3,1,0.6,0.8,2,2.3,1.7,0.8,1.9,2.7,5.5,4.2,4,4,3.3,2.6,2.7,2.1,2.1,2,2.8,4.6,3.8,2.5,2.3,3.3,5.3,5.6,2.8,3.6,3.2,3.2,3.2,2.8,3,3.2,2.7,3.4,4.6,3.3,3,3.1,3.4,4.4,7.8,6.8,5.5,4.8,4.9,4.4,4.7,4.9,4.4,4.2,4.4,6.9,5.1,4.7,4.4,5.3,7.4
2076,3.2,3,2.7,2.7,1.8,2.1,1.8,1.3,1.3,0.9,1.6,3.4,2.4,1.7,1.3,2.1,3.5,5.7,5.8,4,3.6,2.8,2.4,2.6,2.2,2.4,1.8,2.6,3.1,3.5,2.4,2.3,3.2,4.6,4.1,4.3,4.1,3.7,2.6,3.6,3.1,3.2,2.9,2.1,2.9,4.1,3.5,3.3,2.6,3.4,4.8,7.9,7.6,6.1,5,4.7,4.8,4.4,4.7,4.7,4.5,5.1,7.3,5.3,4.6,4.8,5.6,7.8
2077,4.2,2.9,1.8,2.1,1.5,1.5,1.5,1.2,0.8,0.6,1.1,2.1,1.8,1.4,0.9,1.8,2.7,5.9,4.9,3.6,3,2.9,2.5,2.5,2.2,2.3,2.1,3.1,4.9,3.2,2.4,2.5,3.3,4.8,5.5,4.9,3.5,3.5,3.5,2.7,3.6,3.2,2.9,2.8,3,3.9,3.5,3.2,2.9,3.6,4.5,9.1,7.2,6.3,5,5.3,4.6,4.7,4.7,4.4,4.4,4.5,8,5.5,4.7,4.4,5.7,8.1
2078,3.7,2.5,1.8,1.4,2.2,1.7,1.3,1.4,1.3,0.9,1.5,3.7,1.8,1.4,1.2,1.9,3.5,5.3,4.5,3.3,2.9,3.2,2.9,2.9,2.8,2.5,2.3,3.2,4.5,3.1,2.9,2.7,3.4,4.4,3.9,5.7,3,3.9,2.4,3,3.4,3.5,3,2.3,3.5,4.9,3.1,3.3,2.9,3.5,5.5,8.7,7.6,6.2,5.4,5,4.5,4.7,5.2,5,4.3,4.9,7.9,5.5,4.8,4.7,5.8,8.1
2079,3.4,3.4,2.5,1.9,1.8,2.2,1.4,1.4,1.2,1.3,1.5,3.9,2.1,1.7,1.3,2.2,3.5,4.9,3.8,4.1,3.7,3.1,2.4,2.7,2.7,2.4,2.4,2.6,3.5,3.6,2.6,2.5,3.2,4.1,6.1,5.4,4,3.9,4.1,3.6,3.2,3.6,2.8,3.1,3.4,5.6,4.0,3.5,3.1,4.1,5,8.8,7.7,6.4,5.2,5.1,4.4,4.9,5.2,4.9,4.3,5,6.7,5.6,4.8,4.7,5.7,8
2080,3.1,3.5,2.4,2,2.1,1.4,1.7,1.3,0.7,0.9,1.6,2.1,2.2,1.5,1.1,1.9,2.8,4.6,4.4,4.5,3.6,3.7,2.8,3,2.5,2.5,2.6,3.3,4.3,3.9,2.8,2.8,3.5,4.8,5.4,4.1,4.8,3.5,2.9,3.5,3.7,3.7,3.3,3.2,4.3,4.1,3.7,3.6,3.6,3.9,5.3,9.4,8.2,5.7,5.4,4.8,5.2,5.1,4.9,4.7,4.1,5.1,7.3,5.3,5.1,4.6,5.8,7.8
2081,3.3,3,2,2.3,2.2,1.7,1.3,1,1.4,0.9,1.3,1.7,2.2,1.3,1.2,1.8,2.3,5.7,4.5,3.6,3.5,3.1,3,2.8,2.7,2.4,2.4,3.2,5.1,3.4,2.8,2.7,3.5,5.4,6.6,5.1,2.9,3.4,3,2.5,3.5,3.4,3.6,2.9,4.3,6.1,3.1,3.1,3.6,4,5.8,8.4,7.7,6.1,5.7,5.3,4.8,5.4,4.7,5.1,4.6,5.2,7.5,5.7,5,5,5.9,8.3
2082,3.1,2.1,2.8,2.2,2.5,1.8,1.5,1.1,1.3,1.3,2,2.9,2.5,1.5,1.5,2.1,2.4,5.8,5.3,4.4,3.8,3.1,3.2,3.3,2.9,2.2,2.5,2.9,5,3.8,3.1,2.5,3.7,4.9,5.3,6,3.6,3.4,2.8,3.1,3.4,2.5,2.8,3.4,3.5,4.9,3.3,3,3.3,3.7,5.1,8.9,8.5,6.7,5.8,4.7,5.1,5,5,4.4,4.1,5.4,7.9,5.7,5,4.6,6,8.2
2083,2.5,1.8,2.3,2.1,2,1.9,1.8,1,1.4,0.7,1.5,2.7,2.1,1.5,1.2,1.8,2.2,5.1,4.8,4.7,3.5,3.3,2.7,3.1,2.7,2.6,2.2,2.9,5,3.8,2.8,2.5,3.5,5.2,5.3,5,3.8,4.1,3.3,3.1,3.9,3.5,4,3.5,4.3,5.1,3.7,3.5,3.9,4.1,5,8.7,8.1,6.9,5.7,4.9,4.7,5.4,5.1,4.8,4.4,5.3,8,5.8,5.1,4.8,6,8.2
2084,1.9,2.2,3,2.7,1.6,1.6,1.5,1.1,1.1,1.6,1.6,1.9,2.4,1.4,1.4,1.8,2.6,5.3,5.5,4.6,3.6,2.8,2.5,2.5,2.2,2.4,2.2,3.8,4.2,3.7,2.4,2.8,3.5,4.1,6.2,3.9,3.8,4.4,3.8,3.1,3.6,3.6,4,3.4,4.9,5.7,4.0,3.4,4.1,4.2,5.8,9,8,6.5,5.6,5.2,5.1,5.2,4.4,5,4.6,5.3,7.8,5.8,4.9,5,6,8.5
2085,3.5,2.5,2.1,2.1,2.1,1.8,1.4,1.1,1.3,1,1.5,3,2.1,1.4,1.3,2,3.7,4.2,4.2,3.5,3.4,3.4,2.4,2.9,2.7,2.3,1.9,2.9,5,3.4,2.7,2.3,3.2,4.6,6.6,5.1,4,3,4.1,3.6,4.2,4,3.6,3.3,3.5,4.5,3.7,3.9,3.5,4.1,4.9,9.5,8.4,6.8,5.9,5.7,5.5,5.5,5.4,5,4.9,5.4,6.4,6.1,5.5,5.1,6.2,7.5
2086,4,4.3,2.9,1.8,1.6,2,2,1.3,0.9,0.5,1.5,2.8,2.1,1.8,1,2.1,3.3,5.1,3.9,4.4,3.8,2.8,2.5,3.3,2.2,2.4,1.6,3,4.6,3.7,2.7,2.3,3.3,4.9,5.5,4.7,5.2,4.8,3.4,3.7,3.8,3.8,3.9,3.4,3.6,5.4,4.5,3.8,3.6,4.3,5.8,9,7.2,6,5.5,5.5,5.6,5.4,5.5,5.1,4.6,4.5,7,5.7,5.5,4.7,5.9,8
2087,3.7,3.6,2.4,1.7,2.1,1.9,1.3,1.2,1.2,1,2,3.2,2.1,1.5,1.4,2.1,3.8,4.9,5.2,4.1,3.2,3,3.2,2.8,2.5,2.4,1.8,3,4.5,3.4,2.8,2.4,3.4,4.6,6.1,5.9,3.4,3.9,3.4,3.7,4.3,4.1,3.9,3.9,3.8,6.9,3.6,4.1,3.9,4.4,5.9,9.2,8.1,6.5,6.7,5.1,5.1,5.4,5.2,5.5,4.7,5.9,8.8,6.1,5.2,5.4,6.3,9
2088,3.5,4.6,2.9,2.4,2.7,1.8,1.9,0.8,1,1.3,1.9,3.7,2.7,1.5,1.4,2.4,3.8,5.3,4.2,4.1,3.8,3.2,2.3,2.7,2.2,2.1,2,2.7,4.1,3.7,2.4,2.3,3.2,5,5.7,5,4.2,4.1,3.6,3.3,3.5,3.2,3.6,3.7,4.5,6.5,4.0,3.3,3.9,4.2,6.2,9.9,8.3,6.6,5.7,5.2,5.3,6,5.4,5.3,4.7,5.4,8,5.8,5.6,5.1,6.3,8.6
2089,4.3,3.5,2.8,2.5,2.7,1.7,1.7,1.2,0.4,0.3,0.7,1.4,2.7,1.5,0.5,1.9,2.4,5,6,3.7,4,3.4,3.2,2.9,2.7,2.8,2.4,3.2,5,3.7,3,2.8,3.7,5.5,6,6.1,4.9,4.3,3.4,3.9,4.2,4.2,3.7,3.6,4,5,4.2,4.1,3.7,4.4,5.6,9.6,8.4,6.1,5.6,5,5.3,5.7,5.6,5.7,5,5,8.4,5.6,5.5,5.2,6.3,9
2090,2.3,3.5,2.4,2.4,2.2,1.9,1.7,1,1.3,0.9,2,2.6,2.3,1.5,1.4,2,3.1,6,5.8,4.3,3.8,2.4,3.1,2.7,2.4,2.7,2.4,2.4,4.7,3.5,2.7,2.5,3.5,4.5,6.9,4.8,5.6,3.9,3.4,3.4,3.5,4.3,4.1,3.4,3.9,5.4,4.3,3.7,3.8,4.4,6.2,9.7,9.2,6.9,5.7,5.7,5.5,6.2,6,5.7,4.4,6,8.1,6.1,5.9,5.4,6.6,9.4
2091,3.6,3.3,2.1,1.3,2,1.7,1.7,1,1.3,0.5,1.2,3.5,1.8,1.5,1,1.9,3.6,5.2,3.7,3.7,2.7,3,2.8,2.9,2.5,2.5,2.3,3.7,5.3,3.1,2.7,2.8,3.4,5.7,7.2,6,5.3,4.3,3.7,3.2,4.2,3.9,3.9,4.1,4.4,7,4.4,3.8,4.1,4.8,6.4,10,10.4,8.2,6.4,6.2,5.8,5.9,5.6,5.8,5.2,5.1,8.1,6.9,5.8,5.4,6.9,8.8
2092,3.8,3.5,2.6,1.9,1.5,1.6,1.6,0.9,0.3,0.4,1.4,1.3,2.0,1.4,0.7,1.7,2.1,6.4,5.5,4.8,4,3.7,3,2.6,2.7,2.5,2.2,3.2,5.7,4.2,2.8,2.6,3.9,5.5,6.6,5.8,4.1,4,3.9,3.8,4.2,3.6,3.5,4.1,3,6.9,4.0,3.9,3.5,4.5,6.2,9.9,8.7,7.5,6.2,6.1,5.9,6.1,5.7,5.6,5.1,6,8.1,6.6,5.9,5.6,6.7,8.9
2093,2.2,2.8,1.3,2.2,2.2,2,1.5,1,0.8,0.7,0.9,3.3,1.9,1.5,0.8,1.7,2.9,6.2,4.9,4.5,3.4,2.8,3,3.1,2.6,2,2.2,2.6,4.8,3.6,2.9,2.3,3.5,4.6,6.6,5.2,4.2,4.1,2.6,3.5,3.8,3.9,3.8,3.1,4.6,6.5,3.6,3.7,3.8,4.3,6.4,9.8,9,7.7,6.6,6.4,6.2,5.9,5.9,6,5.4,6.3,8,6.9,6,5.9,6.9,9.1
2094,3.6,1.8,2.2,2.6,1.7,1.7,1.7,0.9,1.1,0.7,0.3,2.1,2.2,1.4,0.7,1.7,2.8,4.9,4.2,4.4,3.5,3.3,3.1,3.1,2.4,2.4,2,3,5.2,3.7,2.9,2.4,3.5,5.7,7.5,5.2,4.6,3.3,4.4,3.7,4.2,3.9,3.9,4.1,3.9,6.1,4.1,3.9,3.9,4.6,6.7,10.4,9.2,7.8,6,6.5,5.5,6,6.1,5.7,5.2,5.9,8.6,6.8,5.9,5.6,6.9,9.5
2095,3.3,3.2,1.8,1.8,1.6,1.5,1.4,0.7,0.8,1.3,1.1,3.3,1.7,1.2,1.1,1.8,3.2,6.8,5.4,4,3.8,3.2,2.7,3,2.7,2.5,2.4,3.4,5.1,3.7,2.8,2.8,3.7,5.4,6.6,7.5,5.2,4.8,4.5,3.6,4.1,4.2,4,4.1,4.5,7.3,4.8,4,4.2,5,6.9,10.2,9.8,7.4,6.8,5.5,5.5,6.2,6.3,5.8,5.4,6.3,9,6.6,6,5.8,7,9.7
2096,3.7,2.7,2.3,1.7,2,1.4,1.6,0.9,1.1,0.7,1.4,2.8,2.0,1.3,1.1,1.9,3.6,6,5.4,4.7,3.1,3.2,3.1,3.1,2.9,3,2.1,2.7,5.2,3.7,3,2.6,3.7,5.3,7.2,6.2,4.3,4.7,3.8,3.5,4.3,4.2,3.6,3.6,3.7,6.6,4.3,4,3.6,4.6,6.1,10.5,9.7,7.5,6.7,6.2,6.4,6.2,5.7,5.7,5.5,6.5,9.6,6.8,6.1,5.9,7.2,9.9
2097,4.1,3.9,2.9,1.8,1.9,2.2,1.5,1.1,0.8,1,1.1,2.6,2.2,1.6,0.9,2.1,3,5.7,5.3,4.3,4.1,3.3,2.8,2.9,2.8,2.5,2.3,2.9,5.6,3.9,2.8,2.6,3.7,5,6.1,5.6,4.3,4,3.9,4.2,4.1,4.2,3.8,3.2,4.7,5.3,4.1,4.2,3.9,4.4,5.2,11.2,9.2,8.6,7.4,6.6,6.2,6.1,6.4,5.5,5,6.3,9.3,7.5,6.2,5.6,7.3,9.5
2098,3.3,3.2,2.9,2.7,2.2,2.5,1.5,1.1,0.9,0.7,1.4,2.4,2.6,1.7,1,2,2.8,5.7,4,3.9,3.7,3.6,2.8,2.6,2.9,2.5,2.2,3,4.3,3.7,2.7,2.6,3.4,4.3,5.1,5.2,4.4,3.8,3.4,3.8,4.1,3.7,3.9,3.6,4.7,6.5,3.9,3.9,4.1,4.3,7,10.1,9.4,8.5,6.7,6,6.2,6.5,6.1,5.7,5.5,6.8,9.1,7.1,6.3,6,7.2,10
2099,2.8,3.4,4.1,2.1,2.1,1.6,1.5,0.9,1.1,0.2,0.5,3,2.8,1.3,0.6,1.9,3.1,4.7,4.1,4.2,3.6,3.6,3.2,2.8,2.8,2.8,1.8,3.2,5.5,3.8,2.9,2.6,3.5,4.7,7.4,7.1,4.8,5.3,4.1,4.4,4.4,4.2,4.5,3.2,4,5.4,4.7,4.3,3.9,4.9,6.6,11.1,10.2,7.5,6.4,6.2,6.2,6.5,6.2,6,5.8,6.5,9,6.7,6.3,6.1,7.3,10
