RCPs,RegName,Var3_  1,Var3_  2,Var3_  3,Var3_  4,Var3_  5,Var3_  6,Var3_  7,Var3_  8,Var3_  9,Var3_ 10,Var3_ 11,Var3_ 12,Var3_ 13,Var3_ 14,Var3_ 15,Var3_ 16,Var3_ 17,Var3_ 18,Var3_ 19,Var3_ 20,Var3_ 21,Var3_ 22,Var3_ 23,Var3_ 24,Var3_ 25,Var3_ 26,Var3_ 27,Var3_ 28,Var3_ 29,Var3_ 30,Var3_ 31,Var3_ 32,Var3_ 33,Var3_ 34,Var3_ 35,Var3_ 36,Var3_ 37,Var3_ 38,Var3_ 39,Var3_ 40,Var3_ 41,Var3_ 42,Var3_ 43,Var3_ 44,Var3_ 45,Var3_ 46,Var3_ 47,Var3_ 48,Var3_ 49,Var3_ 50,Var3_ 51,Var3_ 52,Var3_ 53,Var3_ 54,Var3_ 55,Var3_ 56,Var3_ 57,Var3_ 58,Var3_ 59,Var3_ 60,Var3_ 61,Var3_ 62,Var3_ 63,Var3_ 64,Var3_ 65,Var3_ 66,Var3_ 67,Var3_ 68,Var3_ 69,Var3_ 70,Var3_ 71,Var3_ 72,Var3_ 73,Var3_ 74,Var3_ 75,Var3_ 76,Var3_ 77,Var3_ 78,Var3_ 79,Var3_ 80,Var3_ 81,Var3_ 82,Var3_ 83,Var3_ 84,Var3_ 85,Var3_ 86,Var3_ 87,Var3_ 88,Var3_ 89,Var3_ 90,Var3_ 91,Var3_ 92,Var3_ 93,Var3_ 94,Var3_ 95,Var3_ 96,Var3_ 97,Var3_ 98,Var3_ 99,Var3_100,Var3_101,Var3_102,Var3_103,Var3_104,Var3_105,Var3_106,Var3_107,Var3_108,Var3_109,Var3_110,Var3_111,Var3_112,Var3_113,Var3_114,Var3_115,Var3_116,Var3_117,Var3_118,Var3_119
RCP6.0,ALBION_FIELD_CENTRE,53,51,55,42,45,55,69,42,57,46,60,37,50,46,38,38,45,42,45,47,44,58,53,47,44,55,57,49,53,61,47,47,52,53,74,56,46,37,58,65,55,50,51,67,72,52,54,51,56,54,44,40,48,50,46,61,55,35,60,50,72,58,73,58,46,64,68,52,64,60,50,49,59,58,63,62,69,58,65,55,63,61,59,59,49,59,64,60,56,72,54,61,46,70,64,55,71,58,87,60,77,66,54,66,54,51,86,84,67,39,71,60,60,61,81,76,55,59,52
RCP6.0,ALLISTON_NELSON,49,48,52,40,44,51,62,40,53,45,55,34,47,45,37,36,42,38,43,45,43,54,50,45,41,53,52,46,49,56,43,44,49,49,68,53,44,36,52,61,51,47,47,62,68,49,52,49,51,49,40,39,47,47,44,56,51,33,55,47,65,55,67,52,43,59,61,48,57,57,47,47,57,53,57,55,65,53,56,52,58,57,55,56,45,52,61,58,51,64,50,56,44,63,58,52,68,55,75,57,68,61,52,59,51,49,75,72,64,38,65,57,57,53,71,67,51,55,51
RCP6.0,AMHERSTBURG,58,57,68,43,44,56,68,42,62,57,66,38,47,51,44,39,59,51,44,54,44,58,54,57,45,63,59,49,59,70,53,45,53,53,75,64,51,44,62,64,57,58,49,68,72,59,58,50,54,60,60,48,50,53,44,69,61,40,54,48,71,56,77,53,57,72,55,60,57,69,51,55,64,67,69,64,73,47,63,63,57,58,58,62,54,60,72,66,51,78,57,58,55,93,60,53,73,61,88,61,78,60,55,69,58,61,71,79,71,47,72,64,71,68,81,76,71,59,50
,,0,0,0,0,0,0,0,0,0,0,0,0,0,0,0,0,0,0,0,0,0,0,0,0,0,0,0,0,0,0,0,0,0,0,0,0,0,0,0,0,0,0,0,0,0,0,0,0,0,0,0,0,0,0,0,0,0,0,0,0,0,0,0,0,0,0,0,0,0,0,0,0,0,0,0,0,0,0,0,0,0,0,0,0,0,0,0,0,0,0,0,0,0,0,0,0,0,0,0,0,0,0,0,0,0,0,0,0,0,0,0,0,0,0,0,0,0,0,0
RCP6.0,AVONMORE,64,71,68,56,57,71,79,60,68,59,71,57,58,64,51,52,58,52,67,59,62,68,72,64,56,77,66,61,71,67,61,63,76,64,82,65,62,49,76,84,73,69,71,79,86,63,73,76,77,77,55,58,65,68,54,76,65,50,74,66,94,80,88,74,55,78,85,63,85,81,65,71,75,64,70,65,88,75,69,70,66,83,73,73,73,67,93,80,73,81,74,59,62,80,73,72,96,77,87,77,89,90,77,81,73,72,91,84,86,55,74,78,77,77,91,87,69,72,71
RCP6.0,BARRIE_WPCC,63,63,68,52,56,67,80,53,67,59,69,44,60,59,49,49,53,48,57,58,57,68,64,59,55,68,66,60,63,69,56,56,65,63,85,69,59,49,68,78,65,63,61,80,85,64,66,65,65,63,51,52,61,62,55,72,65,45,69,61,82,71,83,65,55,75,75,61,73,71,62,61,73,66,70,70,83,70,68,67,70,72,69,73,57,67,78,76,67,78,65,67,57,79,73,65,86,72,87,73,85,78,68,74,66,63,91,89,80,51,82,73,73,67,84,81,64,71,67
RCP6.0,BARWICK,23,25,18,20,27,28,26,24,28,19,25,21,22,20,25,20,29,22,21,23,27,20,28,19,20,27,23,21,29,34,29,22,26,25,30,28,26,21,19,27,22,21,22,34,18,22,23,24,25,24,21,23,26,26,18,29,25,25,29,21,29,30,27,23,22,27,27,25,24,26,25,30,27,24,28,22,20,27,23,27,20,25,21,20,24,27,19,29,32,23,32,28,24,21,21,23,27,27,28,31,26,36,26,32,22,22,35,22,28,20,25,32,27,21,34,33,36,30,34
RCP6.0,BEATRICE_2,85,89,89,67,76,89,104,72,87,81,89,59,79,80,70,68,70,64,77,81,78,89,88,78,77,93,86,81,83,90,78,77,90,83,111,93,82,67,87,105,84,87,82,106,109,86,88,91,83,85,65,71,84,84,74,88,85,64,89,84,107,94,107,83,72,98,98,80,95,92,87,84,96,83,89,91,105,94,86,91,88,98,92,98,76,88,106,103,90,97,88,87,75,104,95,86,115,100,109,97,108,106,90,96,90,84,115,115,106,71,107,98,98,88,106,105,83,95,93
RCP6.0,BELLEVILLE,59,61,60,49,52,64,80,49,61,53,66,45,55,57,43,44,52,46,56,55,55,64,62,60,49,68,60,55,60,62,50,55,68,58,76,62,53,43,68,74,65,61,60,73,84,60,64,65,67,67,50,51,58,61,50,75,58,43,67,59,87,73,87,65,50,71,78,58,76,71,59,64,68,60,67,65,82,69,64,65,67,75,65,67,58,63,81,72,65,72,65,64,53,75,71,66,88,70,88,71,82,80,68,74,63,61,90,81,81,46,75,72,71,67,87,83,61,67,63
,,0,0,0,0,0,0,0,0,0,0,0,0,0,0,0,0,0,0,0,0,0,0,0,0,0,0,0,0,0,0,0,0,0,0,0,0,0,0,0,0,0,0,0,0,0,0,0,0,0,0,0,0,0,0,0,0,0,0,0,0,0,0,0,0,0,0,0,0,0,0,0,0,0,0,0,0,0,0,0,0,0,0,0,0,0,0,0,0,0,0,0,0,0,0,0,0,0,0,0,0,0,0,0,0,0,0,0,0,0,0,0,0,0,0,0,0,0,0,0
RCP6.0,BOWMANVILLE_MOSTERT,54,53,54,45,47,56,69,43,59,48,61,39,52,51,39,40,47,43,47,48,48,59,55,52,45,60,57,49,54,60,45,50,57,55,72,57,46,38,62,66,58,53,51,67,76,55,59,55,58,58,47,45,52,55,47,68,54,39,60,52,75,62,76,59,47,66,67,54,67,64,51,55,60,57,62,61,75,59,60,59,62,63,58,60,51,59,67,64,58,69,57,61,49,70,60,58,77,61,82,61,74,67,58,67,57,55,80,78,70,41,71,67,63,60,79,78,56,60,54
RCP6.0,BRADFORD_MUCK_RESEARCH,48,46,50,38,42,49,63,38,53,43,54,33,46,44,35,35,41,38,41,43,42,54,49,45,40,52,50,43,49,54,41,43,48,48,66,52,41,34,53,59,51,47,45,61,69,49,52,47,51,50,40,39,47,47,43,57,50,32,54,45,66,53,68,51,42,61,60,48,60,56,47,47,57,51,56,53,67,52,56,52,56,57,54,54,45,52,60,57,52,63,49,55,42,62,56,51,67,55,74,55,67,61,51,59,50,48,75,70,63,36,65,56,55,54,70,69,51,53,48
RCP6.0,BRANTFORD_MOE,53,51,53,42,46,55,65,44,59,49,62,38,49,50,39,39,50,46,43,47,45,56,53,49,45,57,61,47,56,62,47,48,54,54,72,59,47,40,59,65,54,51,48,66,72,54,57,51,55,55,48,42,49,51,47,65,58,37,58,49,70,57,74,54,49,65,60,55,61,65,49,52,60,60,62,59,72,51,61,56,57,57,57,59,49,58,66,59,54,73,54,58,47,74,57,53,70,57,75,59,72,63,54,66,57,54,76,76,68,41,71,63,62,62,76,73,59,56,52
RCP6.0,BROCKVILLE_PCC,64,67,66,55,55,70,79,58,68,57,71,56,57,63,49,50,57,51,64,57,60,68,70,64,56,77,65,59,69,66,59,62,76,63,81,63,60,47,77,81,73,66,68,77,87,62,74,75,79,79,56,56,63,67,53,77,64,50,72,65,96,79,89,73,54,76,86,65,86,82,63,69,72,65,71,67,87,76,66,69,67,84,73,72,72,68,91,79,72,80,74,62,61,80,75,72,95,75,91,75,89,86,78,80,71,69,93,85,88,52,73,79,77,78,94,90,72,73,70
RCP6.0,BURKETON_MCLAUGHLIN,50,50,52,41,44,53,65,41,55,46,56,37,48,48,38,37,43,40,45,46,45,55,52,49,43,55,53,47,51,57,43,47,53,50,68,54,44,36,57,62,55,50,49,64,71,52,54,51,54,54,44,42,48,51,45,62,51,36,57,49,70,58,70,54,44,61,62,50,62,58,49,51,57,53,58,58,69,57,57,54,60,60,56,57,48,56,63,60,56,64,53,57,46,65,58,55,71,56,79,58,69,64,55,62,53,52,77,74,65,39,67,61,59,57,72,73,51,56,52
RCP6.0,BURLINGTON_TS,57,56,57,46,50,60,73,47,65,53,68,42,55,54,42,42,53,49,48,51,49,63,59,54,49,63,63,52,59,68,51,54,58,61,78,62,50,43,64,72,62,56,54,72,81,58,63,56,61,61,52,46,54,56,51,72,62,40,64,54,80,62,82,60,53,71,67,60,69,70,54,57,66,64,68,66,79,60,67,63,67,64,64,66,55,62,73,66,61,79,59,64,52,80,65,59,79,63,87,65,78,69,59,74,61,58,87,84,74,44,77,72,68,68,83,82,63,62,57
RCP6.0,CAMERON_FALLS,37,32,22,26,39,38,29,31,37,29,35,29,33,33,36,31,33,35,33,37,38,23,40,31,23,50,32,26,39,52,42,33,41,33,51,42,45,34,25,37,34,33,35,55,32,32,38,43,36,32,23,31,33,35,25,48,38,38,43,39,45,45,44,30,32,40,39,35,42,39,37,38,44,40,44,30,31,41,35,50,30,36,34,38,36,45,42,44,42,32,43,37,36,38,33,32,37,43,44,49,40,59,39,48,37,32,54,35,33,27,34,45,51,27,55,43,48,56,47
RCP6.0,CENTREVILLE,66,68,67,53,58,72,88,55,66,59,73,53,60,63,49,49,57,50,64,62,61,70,67,65,55,74,67,63,66,68,57,60,76,63,83,67,58,49,74,82,72,66,68,80,89,65,72,76,75,77,55,57,63,67,55,82,66,48,74,66,98,81,95,71,54,77,88,63,83,77,62,69,74,64,73,72,88,80,69,74,75,83,71,75,65,70,90,81,73,78,71,69,58,80,78,74,98,77,101,77,90,87,79,82,70,66,101,88,90,54,81,80,78,75,95,92,68,75,69
RCP6.0,CHALK_RIVER_AECL,49,51,50,37,41,51,61,40,47,46,51,34,44,45,37,37,39,37,47,48,43,50,52,46,39,58,48,47,48,50,45,46,55,48,66,53,46,37,53,63,52,52,50,64,64,49,51,57,50,51,36,43,48,48,40,55,49,35,55,46,69,61,69,50,40,55,62,43,61,54,50,53,58,46,52,50,63,58,49,56,53,60,54,58,47,51,67,60,55,56,52,50,42,58,58,50,72,58,69,57,70,68,54,58,56,49,75,70,66,41,64,57,60,51,66,64,46,52,56
RCP6.0,CHAPLEAU_A,52,48,35,35,45,46,48,45,45,43,43,33,45,40,47,35,39,38,39,53,40,37,52,43,38,52,47,45,49,54,45,50,51,43,59,56,48,36,39,51,42,45,43,56,45,41,49,51,39,48,29,41,50,42,42,49,48,42,46,41,57,49,54,37,44,53,57,43,51,52,47,48,58,45,50,43,48,49,43,49,45,52,51,51,37,49,52,59,51,48,49,49,39,53,49,51,58,51,57,52,58,62,47,57,53,43,64,56,54,40,69,57,51,41,55,58,52,69,52
RCP6.0,CHATHAM_WPCP,56,54,57,42,43,54,64,43,59,52,63,37,46,50,41,39,55,50,43,52,44,56,54,54,45,60,61,46,56,67,50,45,53,55,77,60,49,41,59,64,55,52,48,66,70,59,57,49,53,58,54,46,47,52,44,69,59,38,55,46,69,54,74,53,53,65,56,59,58,68,49,54,61,61,65,61,72,46,60,60,54,55,57,60,52,59,68,60,51,79,56,56,51,85,57,52,71,58,79,59,79,60,54,67,57,58,72,77,68,43,70,64,69,66,77,75,65,57,50
RCP6.0,CHATSWORTH,88,89,95,72,81,94,106,76,95,83,94,62,79,82,72,71,74,67,77,83,82,92,90,80,79,95,94,84,90,98,83,78,88,88,116,98,87,72,91,107,87,87,85,111,115,89,92,90,88,88,71,70,87,87,79,93,90,66,92,88,110,93,111,86,76,101,100,87,96,96,87,86,99,94,97,99,111,95,94,93,94,100,97,102,79,93,108,103,91,111,89,93,81,112,100,91,115,99,120,105,114,107,91,104,92,90,121,126,112,74,116,103,105,95,111,110,92,102,93
RCP6.0,COBOURG_STP,57,57,56,49,50,60,75,47,62,49,65,43,54,55,41,42,50,46,50,49,53,61,58,54,48,64,58,51,60,63,49,53,61,58,74,59,50,40,66,69,62,55,53,67,80,56,64,60,65,64,51,50,55,59,48,73,57,42,64,55,82,66,82,61,50,69,66,60,74,68,54,60,63,62,66,65,82,63,64,63,64,70,63,61,55,63,73,68,61,73,63,64,53,78,65,61,80,66,87,66,77,73,62,72,58,60,83,80,77,43,74,72,67,68,82,82,63,66,57
RCP6.0,COMBERMERE,54,56,56,43,48,56,67,45,55,50,58,40,51,51,41,41,46,41,52,50,49,58,57,52,46,62,53,51,54,56,48,50,60,53,71,57,50,41,59,69,58,56,55,67,73,56,58,60,58,57,42,46,53,54,45,63,52,40,60,53,74,64,74,56,45,63,66,50,66,60,54,56,61,52,58,57,70,61,56,60,58,65,58,63,52,56,72,66,58,63,58,54,47,65,62,55,77,64,73,63,72,71,60,63,60,54,78,73,71,45,67,63,64,58,73,70,53,59,59
RCP6.0,CONISTON_STP,58,54,48,36,45,52,68,47,53,51,53,31,49,48,47,39,42,40,44,60,45,51,60,48,45,62,51,51,53,61,53,52,58,51,69,63,53,40,48,65,52,54,47,71,64,51,57,63,47,51,34,44,56,49,48,53,55,41,54,47,70,60,68,48,48,57,69,51,60,60,59,57,67,53,60,57,62,60,47,60,57,67,62,60,45,54,64,69,61,63,55,59,47,65,63,57,77,67,73,63,72,72,57,62,58,53,81,77,72,44,85,60,64,50,67,71,55,68,61
RCP6.0,COOKSTOWN,51,50,54,42,46,53,65,42,54,47,56,37,48,47,39,38,43,40,46,46,45,54,50,47,43,55,53,48,51,56,44,46,52,49,70,55,47,38,54,62,53,50,50,63,69,51,53,51,52,51,41,42,49,50,45,59,52,36,57,49,67,58,68,53,44,60,62,49,60,57,49,48,58,52,57,58,67,57,57,53,58,59,56,58,46,54,62,60,54,63,51,57,45,63,61,54,69,56,74,58,70,63,56,60,52,50,76,75,64,40,66,58,59,55,70,67,51,56,54
RCP6.0,CORNWALL,59,66,63,53,53,66,74,57,64,55,68,55,55,60,47,48,55,49,62,55,58,65,69,61,52,73,62,57,68,63,58,58,71,60,77,60,58,46,73,79,70,64,68,74,81,58,69,71,75,74,52,54,60,64,51,72,62,46,69,62,91,75,83,70,52,73,81,60,82,78,60,67,70,61,67,61,84,71,64,65,62,79,70,68,70,63,89,76,69,77,70,55,59,75,69,69,91,73,83,72,84,84,74,77,70,69,86,80,82,51,70,74,73,73,89,83,67,67,67
RCP6.0,COURTRIGHT,58,56,60,43,46,58,69,43,60,53,64,38,48,51,42,39,55,48,45,53,47,59,56,55,47,62,62,47,60,69,55,44,54,57,76,62,52,41,59,67,58,55,51,70,74,58,60,51,56,59,53,44,49,53,47,66,59,39,55,48,71,56,76,53,51,66,57,61,58,66,52,56,63,67,65,63,74,50,62,62,58,60,61,64,54,61,70,64,54,84,54,57,53,86,62,54,74,63,84,65,80,62,54,69,58,59,74,78,72,46,74,65,71,66,79,73,67,59,52
RCP6.0,CRESSY,74,74,73,64,64,79,90,64,79,64,83,61,66,73,55,57,66,60,67,65,69,77,76,72,66,83,75,66,78,77,65,69,84,73,90,73,67,55,84,86,81,73,72,84,97,72,82,77,87,86,66,63,72,80,62,90,72,58,81,75,105,88,100,81,63,86,88,77,94,90,69,79,81,77,82,80,103,81,75,79,77,91,81,80,77,78,98,87,79,91,83,72,70,96,82,79,103,85,102,86,97,94,85,92,75,79,104,97,99,59,86,90,89,90,103,102,83,86,76
,,0,0,0,0,0,0,0,0,0,0,0,0,0,0,0,0,0,0,0,0,0,0,0,0,0,0,0,0,0,0,0,0,0,0,0,0,0,0,0,0,0,0,0,0,0,0,0,0,0,0,0,0,0,0,0,0,0,0,0,0,0,0,0,0,0,0,0,0,0,0,0,0,0,0,0,0,0,0,0,0,0,0,0,0,0,0,0,0,0,0,0,0,0,0,0,0,0,0,0,0,0,0,0,0,0,0,0,0,0,0,0,0,0,0,0,0,0,0,0
,,0,0,0,0,0,0,0,0,0,0,0,0,0,0,0,0,0,0,0,0,0,0,0,0,0,0,0,0,0,0,0,0,0,0,0,0,0,0,0,0,0,0,0,0,0,0,0,0,0,0,0,0,0,0,0,0,0,0,0,0,0,0,0,0,0,0,0,0,0,0,0,0,0,0,0,0,0,0,0,0,0,0,0,0,0,0,0,0,0,0,0,0,0,0,0,0,0,0,0,0,0,0,0,0,0,0,0,0,0,0,0,0,0,0,0,0,0,0,0
RCP6.0,DASHWOOD,64,63,68,52,56,68,74,53,69,59,70,46,55,59,49,50,59,52,52,58,55,66,64,59,57,67,72,57,68,75,60,57,64,64,83,69,60,52,68,76,63,61,60,77,83,66,69,60,63,64,57,50,59,60,56,70,64,47,66,60,78,66,81,64,57,74,73,64,67,73,59,62,69,72,70,73,79,65,72,66,67,68,69,72,57,68,78,71,64,86,63,64,58,90,72,61,81,70,93,72,85,73,65,76,67,65,85,89,78,53,83,73,77,74,87,82,71,69,64
RCP6.0,DELHI_CDA,60,57,60,48,51,61,74,49,67,55,70,44,55,57,46,45,57,53,48,54,52,62,61,55,51,64,70,52,63,73,53,54,60,62,82,65,53,46,65,75,61,57,55,74,81,62,64,57,62,62,53,48,55,58,53,73,65,42,64,56,77,64,83,61,54,73,67,62,67,73,54,59,67,69,69,67,81,57,68,63,63,63,64,66,55,64,74,66,61,83,61,66,54,84,65,59,79,64,85,69,81,70,61,73,64,61,85,85,75,47,81,71,71,70,85,82,66,69,60
RCP6.0,DORSET_MOE,73,77,78,58,66,77,94,62,75,71,78,51,70,69,59,58,60,56,69,70,67,79,78,70,65,84,73,72,72,78,68,68,79,73,100,81,70,58,78,92,74,76,73,95,98,76,76,81,74,75,56,63,74,73,64,79,75,54,82,71,100,85,97,75,64,84,90,69,88,81,76,75,86,73,80,81,97,85,77,82,81,87,81,86,67,78,97,90,81,85,78,80,65,90,88,78,103,87,105,85,101,95,80,85,78,74,106,104,95,62,97,85,90,78,97,94,72,83,82
RCP6.0,DRESDEN,52,50,55,39,42,51,61,40,55,49,58,36,44,47,38,37,52,45,41,49,41,51,50,49,43,54,56,43,54,64,48,42,49,50,74,56,45,39,54,61,51,48,46,61,66,56,54,46,50,52,50,42,43,49,43,61,55,35,51,45,63,50,69,48,48,60,54,54,54,62,45,51,56,58,59,60,66,46,58,54,51,51,55,56,48,56,63,56,48,75,52,50,46,79,56,47,66,53,76,58,75,57,51,62,53,52,66,75,62,39,66,58,63,64,70,69,60,53,48
RCP6.0,DRUMMOND_CENTRE,56,58,57,44,49,63,72,48,57,50,63,46,49,54,41,42,47,41,56,52,52,60,59,56,45,67,56,52,58,56,50,51,66,54,71,57,50,40,67,72,63,59,60,70,78,54,64,68,67,68,46,48,54,58,46,69,57,40,64,56,92,68,85,61,46,67,82,53,75,68,54,60,65,55,62,59,75,70,59,63,62,79,64,66,58,61,82,70,64,66,62,57,50,66,69,63,88,67,85,65,82,78,68,73,64,58,93,76,81,45,69,69,66,66,84,81,60,68,59
RCP6.0,DRYDEN,21,23,16,18,23,24,20,22,24,19,21,18,22,19,24,20,26,21,21,22,26,18,26,17,16,25,21,19,24,31,27,20,24,23,28,28,26,21,17,24,22,19,20,34,17,22,20,23,23,23,18,21,22,23,16,27,23,25,28,19,29,29,24,20,21,26,25,25,21,24,23,28,25,20,26,20,19,25,23,24,21,24,20,22,24,27,16,28,30,22,30,25,23,23,21,21,24,26,27,29,24,36,26,27,19,22,35,21,24,15,23,30,24,19,32,29,33,28,30
RCP6.0,DRYDEN_A,23,24,16,19,24,25,21,23,25,19,22,19,24,20,25,22,27,22,22,23,28,19,27,18,17,25,22,20,25,32,29,22,25,24,29,29,26,23,18,25,24,19,22,36,18,23,21,24,24,24,19,22,23,24,18,29,24,28,30,21,30,30,26,21,22,28,26,27,22,26,24,29,27,21,28,21,20,27,25,25,22,25,21,23,26,28,18,30,31,24,32,26,24,26,22,22,25,28,29,31,25,38,28,28,20,23,39,23,26,16,25,31,25,20,34,30,34,30,30
RCP6.0,DUNCHURCH,80,82,80,60,70,82,99,68,79,76,81,52,74,71,66,63,63,59,71,78,71,79,83,72,70,92,80,77,76,83,76,73,82,77,104,88,76,63,77,97,78,81,75,101,100,80,81,88,74,77,58,68,80,76,70,77,80,60,81,76,101,91,98,75,67,87,93,73,88,84,83,80,92,76,83,84,97,88,78,85,84,94,87,91,68,81,99,95,86,88,82,85,68,97,93,83,109,92,106,90,106,101,83,89,83,79,110,113,99,67,107,89,94,80,97,99,77,92,88
RCP6.0,DURHAM,80,81,87,66,73,85,96,68,87,76,86,57,71,74,64,63,67,63,68,75,73,84,82,74,71,86,87,76,82,91,75,72,79,81,107,88,78,65,84,97,79,78,77,101,106,82,83,80,81,80,66,62,77,77,71,85,83,58,85,78,101,85,102,78,69,94,91,79,88,89,78,77,90,88,88,92,103,86,86,84,87,90,88,92,72,85,99,94,82,106,81,84,74,104,94,81,105,90,114,95,106,97,83,95,85,81,111,115,102,68,107,94,96,88,104,103,85,92,84
RCP6.0,DWIGHT,85,89,89,68,76,89,105,72,86,82,90,61,81,81,70,68,70,66,80,81,78,89,89,79,76,95,86,82,84,89,79,79,91,83,111,93,81,69,87,104,85,87,84,106,109,87,89,93,84,86,65,73,85,84,75,89,85,65,92,83,108,97,108,85,73,97,100,80,96,92,86,85,97,82,90,91,107,96,88,92,89,98,92,98,77,88,106,103,91,96,88,87,75,103,96,87,116,99,112,97,109,107,90,96,90,86,117,114,106,72,107,97,98,88,107,106,82,94,94
RCP6.0,EARLTON_A,51,47,35,32,38,44,51,41,42,42,42,30,44,40,42,33,34,35,39,51,38,42,51,41,38,52,44,43,44,47,46,51,49,41,59,55,43,34,38,50,44,46,41,62,48,41,48,54,39,44,29,38,45,39,42,46,44,37,46,42,57,52,57,38,40,50,58,41,51,57,48,47,55,44,49,45,51,53,39,48,47,55,54,51,38,45,54,58,51,49,46,47,40,50,51,50,60,53,57,51,61,58,47,52,51,46,67,61,55,37,70,49,46,41,59,58,47,61,52
RCP6.0,EGBERT_CARE,46,46,50,38,42,49,62,39,49,44,53,33,45,43,35,34,40,36,42,43,41,50,46,43,39,51,49,45,46,52,41,43,47,45,66,51,43,35,50,58,48,45,47,60,64,47,49,47,49,47,37,38,44,45,41,55,49,32,53,44,63,54,64,48,40,56,58,45,54,52,45,44,54,49,54,54,62,52,53,49,56,54,52,53,43,50,57,56,49,59,48,54,41,59,57,50,66,53,73,54,66,59,51,56,49,45,74,70,60,36,62,54,55,50,66,64,47,52,50
RCP6.0,EMO_RADBOURNE,25,27,20,22,29,31,29,26,31,22,27,22,25,22,28,22,32,24,24,25,30,22,31,20,22,29,26,23,31,38,33,25,29,27,33,31,29,23,20,30,25,22,23,39,19,24,26,26,28,26,23,25,28,28,20,33,27,29,33,24,33,34,30,26,24,30,30,27,26,29,28,33,29,26,32,24,22,30,26,30,21,28,23,22,26,30,21,33,36,26,35,31,26,23,23,25,30,30,31,34,29,41,28,35,24,24,40,24,31,22,28,35,30,23,39,36,40,34,37
RCP6.0,ESSA_ONT_HYDRO,58,58,63,47,52,61,73,49,62,54,64,42,55,55,46,45,48,44,53,53,52,63,59,54,51,62,60,55,58,64,52,53,59,57,78,63,55,45,62,72,60,57,57,74,78,59,61,59,60,58,46,47,56,57,51,66,61,42,64,57,75,65,76,59,51,69,69,56,69,64,57,56,67,61,65,65,76,64,63,61,65,66,64,67,53,62,72,70,62,72,60,63,52,73,68,61,79,66,82,67,79,72,62,69,60,59,85,82,73,47,77,66,67,62,76,75,59,66,62
RCP6.0,EXETER,64,64,67,52,56,67,77,53,70,60,71,47,56,60,51,50,59,53,53,58,56,67,64,60,56,68,71,57,67,74,60,56,65,64,84,71,60,52,68,76,64,62,60,78,84,66,69,61,64,65,57,51,59,61,57,71,66,46,66,60,80,66,82,63,57,76,70,66,68,74,59,63,70,71,71,71,81,63,70,67,67,69,69,73,59,68,78,73,64,85,63,65,59,87,70,62,82,70,89,73,85,73,66,75,68,65,84,88,79,53,82,74,76,71,86,81,72,69,64
RCP6.0,FERGUS_SHAND_DAM,57,56,60,47,51,60,71,47,62,52,62,41,52,53,44,43,50,46,48,52,51,60,58,52,49,61,61,52,59,65,51,52,57,57,76,62,54,44,61,70,58,55,54,71,76,57,60,56,58,57,49,44,53,56,51,64,58,40,61,55,73,61,76,59,50,68,68,57,64,66,54,54,64,63,64,65,74,59,65,60,61,63,63,65,53,61,70,66,59,77,57,62,52,74,65,58,75,63,82,65,76,68,59,68,60,57,80,82,73,45,75,66,67,63,79,76,61,62,58
RCP6.0,FLINT,34,33,23,26,36,33,31,31,36,26,33,27,31,30,34,28,35,30,30,31,34,24,36,29,23,39,29,26,39,48,41,29,36,33,42,38,39,30,25,35,31,28,30,48,30,30,34,35,32,31,24,30,34,34,24,44,35,35,39,31,41,43,38,28,29,38,33,34,35,36,34,38,40,35,38,29,28,37,33,41,27,35,29,31,32,39,30,38,41,29,41,36,31,32,27,30,36,38,41,44,36,47,36,43,34,29,49,33,34,26,35,42,42,27,49,44,46,48,43
RCP6.0,FOLDENS,57,56,59,46,49,59,70,47,63,55,65,42,51,54,44,42,55,49,46,52,49,59,57,53,49,61,65,50,60,68,51,52,57,58,77,62,52,45,61,70,58,54,53,71,77,60,63,54,58,59,52,45,51,55,51,68,62,40,61,53,73,60,77,57,52,70,65,59,64,68,52,55,63,64,65,64,75,56,67,60,61,61,61,64,53,62,70,63,57,81,57,63,51,80,64,56,75,61,84,65,79,66,58,69,61,58,79,82,71,45,76,67,68,67,81,77,63,61,57
RCP6.0,FORT_ERIE,68,67,65,59,59,70,82,60,74,59,77,55,66,69,50,54,63,58,57,60,62,70,72,67,59,74,76,61,70,77,59,66,72,70,84,70,60,56,76,79,74,65,63,77,89,69,74,69,73,75,62,60,64,69,61,87,70,55,74,66,95,76,90,70,62,80,75,72,81,82,61,71,76,74,77,76,93,70,69,75,73,73,71,72,66,72,84,76,72,85,71,72,66,92,70,72,93,73,93,76,89,78,73,82,72,71,92,88,85,56,86,88,83,79,94,96,75,76,68
RCP6.0,FORT_FRANCES_A,23,24,17,19,28,29,27,23,28,19,25,21,24,20,26,21,31,22,21,22,29,19,29,18,19,28,23,20,28,37,33,21,28,24,31,30,27,20,18,28,24,21,21,39,17,21,23,23,25,25,21,22,25,25,18,35,25,29,30,22,33,33,30,23,22,29,28,25,24,27,28,30,27,23,31,22,19,28,25,28,19,25,21,20,23,29,20,30,34,24,32,28,26,21,21,22,27,29,30,32,28,41,26,33,21,21,41,21,28,18,27,33,28,20,40,36,40,34,36
RCP6.0,GEORGETOWN_WWTP,58,56,60,47,50,60,73,46,64,52,65,40,53,52,42,42,51,47,48,51,50,62,58,54,49,63,61,50,58,66,51,51,58,60,78,62,50,42,63,70,59,56,53,72,79,57,61,56,60,60,50,45,54,56,49,68,60,40,61,54,77,62,80,59,51,71,67,59,68,68,55,56,65,62,66,64,78,59,63,61,64,65,64,66,54,62,71,67,59,77,58,63,52,77,64,58,77,64,84,65,77,69,58,70,61,58,83,83,74,43,75,70,67,64,81,79,63,62,58
RCP6.0,GERALDTON_A,33,27,18,21,34,32,24,27,30,26,32,23,28,29,32,25,26,29,30,30,32,19,34,28,20,52,29,22,30,47,34,31,35,26,44,35,41,31,21,30,27,27,33,42,30,25,32,37,31,25,18,26,27,31,23,41,32,42,33,30,37,37,34,26,29,33,37,30,39,30,39,29,38,39,39,22,26,34,28,42,28,31,30,39,31,38,38,38,34,27,36,30,30,32,27,29,31,35,39,41,36,54,31,42,33,27,56,29,26,24,28,37,57,24,44,34,36,55,41
RCP6.0,GLEN_ALLAN,61,62,66,52,55,65,73,53,67,57,67,46,55,58,49,49,54,50,52,57,56,64,62,57,55,65,67,57,64,70,57,56,62,61,80,67,59,51,65,73,61,59,58,74,80,63,65,61,62,62,53,50,59,60,56,67,63,47,65,61,76,64,77,61,54,72,70,62,66,69,58,59,68,68,67,69,77,64,68,64,65,67,67,71,56,65,74,70,62,81,61,64,57,79,69,61,78,67,84,70,79,72,63,72,65,63,81,85,76,52,78,72,72,68,80,78,66,68,63
RCP6.0,GLEN_GORDON,58,65,62,53,53,65,72,56,63,54,67,55,53,60,47,48,53,48,61,54,56,63,67,59,52,73,60,57,67,61,60,58,69,58,76,59,59,45,72,77,69,63,66,75,77,56,68,71,74,74,51,53,60,62,51,69,62,46,67,62,90,72,81,68,52,73,81,60,82,78,59,65,70,60,64,62,81,72,63,65,60,77,71,68,70,63,89,75,68,75,69,53,60,74,70,69,88,72,81,70,84,80,76,75,69,69,86,79,79,50,66,71,70,73,88,83,68,68,64
RCP6.0,GLENBURNIE,67,69,67,55,58,72,86,57,69,60,76,54,60,65,49,51,59,52,66,63,63,73,71,69,57,79,67,61,71,70,59,62,77,67,86,68,60,48,80,84,76,69,69,83,95,67,76,76,79,80,56,57,67,70,55,87,66,50,75,66,100,82,96,76,56,79,88,65,88,82,67,73,76,67,76,71,94,77,70,73,72,87,73,74,71,71,93,83,76,82,75,66,61,85,79,73,100,81,97,79,93,92,78,86,72,70,100,89,93,53,81,81,80,81,99,97,72,76,70
RCP6.0,GODFREY,64,66,64,52,55,69,83,54,67,57,71,52,58,61,47,49,56,49,63,58,59,70,66,64,54,75,64,59,67,66,56,59,74,63,81,65,57,46,75,81,72,66,67,77,90,63,72,72,75,73,53,55,63,66,53,79,62,47,72,63,95,78,91,71,53,75,83,62,83,77,63,69,73,64,72,68,87,74,67,70,70,82,69,71,66,68,88,79,70,77,71,63,58,79,76,69,96,77,91,75,89,87,75,79,69,66,96,85,88,51,78,77,77,74,93,89,68,72,67
RCP6.0,HAGERSVILLE,56,55,58,46,48,58,68,46,62,51,63,42,52,55,42,42,52,49,46,50,48,60,57,53,49,61,63,50,59,66,50,51,57,58,74,62,50,44,62,69,59,54,51,68,75,58,60,54,59,59,51,46,52,55,51,69,59,41,61,53,74,60,76,57,52,69,64,58,64,69,52,55,63,63,65,63,76,55,61,60,60,59,61,63,52,60,70,63,58,76,57,60,52,77,61,55,75,61,78,62,74,66,58,69,61,58,77,78,71,45,75,68,68,66,78,75,62,60,56
RCP6.0,HALIBURTON_3,74,78,80,61,68,80,96,64,77,72,81,55,72,71,60,59,62,57,71,70,69,80,77,70,67,84,76,75,74,79,68,71,82,72,101,81,72,59,80,93,78,76,77,95,99,78,79,82,78,78,59,64,75,76,65,84,77,56,84,74,101,87,100,77,64,86,91,71,89,83,74,75,86,74,81,82,100,90,80,82,83,88,83,87,69,80,97,90,81,86,79,80,66,92,90,79,105,86,107,88,100,95,84,88,79,76,108,105,97,63,96,86,89,80,98,95,72,82,83
RCP6.0,HAMILTON_A,59,58,57,49,51,61,74,49,66,53,68,45,57,57,44,44,55,51,48,53,51,63,59,55,50,63,66,52,62,69,52,56,60,61,79,63,52,45,66,72,62,56,54,72,81,59,64,58,63,63,53,48,55,58,52,73,63,43,66,56,79,63,83,61,54,70,69,62,69,73,54,57,66,66,70,66,81,59,68,63,64,64,64,65,54,64,72,66,62,82,60,66,54,82,64,60,81,64,85,64,80,69,60,74,63,60,86,84,75,47,81,72,70,71,85,82,65,64,59
RCP6.0,HAMILTON_RBG,55,53,54,45,48,57,70,45,62,50,64,41,53,53,41,40,51,48,45,49,48,59,55,51,47,60,61,48,57,66,48,51,56,57,74,59,48,41,62,70,58,53,50,67,76,55,60,54,58,59,49,45,51,54,49,69,59,39,61,51,74,60,79,57,51,67,64,58,65,68,51,54,62,63,66,61,76,55,62,60,60,60,60,61,52,59,68,62,57,77,56,61,50,76,61,56,76,60,79,61,75,65,56,69,59,55,81,79,71,42,76,67,65,66,80,76,61,62,55
RCP6.0,HANOVER,82,84,89,68,76,88,100,71,90,79,89,60,74,78,67,66,71,65,71,78,76,87,84,76,73,88,90,79,85,94,78,75,82,83,109,91,81,68,86,100,82,81,80,103,108,84,87,83,84,83,68,66,80,80,74,88,85,61,88,82,104,87,105,81,72,96,93,83,90,91,80,80,93,90,91,95,106,88,90,87,89,93,92,95,74,87,101,96,85,108,83,88,76,106,96,84,107,91,117,98,109,100,85,99,87,84,114,118,104,70,110,97,100,91,106,105,88,94,87
RCP6.0,HARTINGTON_IHD,65,67,65,53,57,70,83,55,66,58,72,52,58,62,49,50,56,49,63,59,60,68,66,64,56,73,65,60,66,66,57,60,73,62,80,66,59,47,74,80,71,65,66,77,87,64,71,73,74,75,54,55,62,66,53,78,64,49,71,64,94,78,90,70,54,74,82,62,82,76,62,69,72,63,71,69,86,75,66,70,70,81,70,73,65,68,87,79,70,77,71,65,58,79,74,70,95,75,92,74,87,85,74,79,68,66,96,85,87,53,77,77,76,75,91,89,68,73,68
RCP6.0,HUNTSVILLE_WPCP,71,74,77,55,63,76,92,59,74,69,76,48,68,66,57,55,58,53,65,68,65,77,75,68,62,82,72,71,70,77,66,65,77,70,100,79,70,54,75,90,72,74,70,96,97,73,74,79,71,71,53,60,72,70,61,76,73,51,81,68,96,84,94,71,62,82,89,66,86,78,75,73,84,71,78,78,95,82,73,80,79,86,80,84,65,77,95,89,80,84,76,80,63,90,89,76,102,85,103,84,102,94,78,82,76,72,106,105,94,60,96,82,87,75,94,93,70,82,81
RCP6.0,ILDERTON_BEAR_CREEK,64,64,68,52,55,67,77,53,71,61,72,48,56,61,51,49,61,55,52,59,55,67,64,61,57,68,73,58,68,76,60,57,64,65,85,71,59,52,69,78,64,62,60,78,83,67,69,61,64,66,59,51,59,62,58,73,67,47,67,60,80,66,84,64,59,78,72,67,68,75,58,63,70,73,73,72,82,63,72,67,68,67,69,73,59,69,79,71,63,89,63,67,59,90,71,62,82,69,92,73,89,73,66,76,68,65,85,91,78,53,85,74,77,74,88,83,73,69,63
RCP6.0,ISLAND_FALLS,47,47,29,34,42,47,40,43,41,41,39,34,46,40,46,39,38,44,40,52,40,35,50,43,37,51,47,43,41,50,43,52,51,38,57,54,46,38,37,43,38,45,44,61,40,38,45,52,38,45,31,42,48,41,43,49,46,43,49,42,50,49,51,38,45,53,56,42,48,56,48,43,54,44,46,39,49,51,43,47,43,42,48,49,38,49,52,60,51,43,51,48,42,52,48,52,50,48,54,55,57,57,49,53,51,46,63,48,46,42,60,54,46,42,58,53,53,69,56
RCP6.0,JANETVILLE,58,60,60,48,52,61,75,48,61,54,65,43,56,55,44,44,49,45,54,53,53,64,59,55,51,64,59,57,58,64,51,54,63,57,79,62,53,43,65,73,62,58,58,74,80,60,62,61,62,62,48,49,56,58,51,71,59,42,67,58,80,67,80,61,50,69,72,57,70,66,57,58,66,59,66,66,79,69,64,63,67,68,65,67,54,64,74,70,64,71,60,64,52,72,70,63,81,67,89,68,79,73,65,69,61,59,86,83,76,46,74,69,69,64,80,79,58,65,61
RCP6.0,KAPUSKASING_A,46,44,27,31,43,44,37,41,40,39,39,32,44,38,45,35,36,40,38,48,38,32,48,40,34,50,44,40,41,50,41,50,49,36,57,52,45,36,34,43,36,41,41,57,36,34,43,49,38,45,29,40,43,39,40,47,45,41,46,38,48,47,49,35,42,50,56,41,47,51,44,40,51,43,44,36,44,48,40,47,41,42,46,46,35,49,49,59,48,41,48,47,40,48,45,48,48,46,54,53,54,55,46,52,51,42,63,46,44,38,57,53,46,40,55,51,53,70,54
RCP6.0,KAPUSKASING_CDA,45,44,26,30,41,44,37,40,39,38,38,32,43,37,43,34,35,39,37,47,37,31,48,39,33,48,43,41,40,49,40,49,48,36,58,52,44,35,34,41,35,41,40,56,36,34,42,48,36,44,28,39,43,38,39,46,44,41,45,38,49,47,48,34,42,49,56,41,46,52,43,40,51,42,43,35,44,47,39,45,40,42,45,45,34,47,49,58,47,40,48,46,39,48,45,47,47,45,52,52,55,54,45,51,50,42,61,45,43,38,57,52,45,39,55,51,52,71,53
RCP6.0,KEMPTVILLE,56,59,57,45,48,61,71,49,59,51,62,47,50,55,42,42,49,43,57,52,53,60,62,57,46,69,56,53,60,57,52,53,67,56,72,57,52,40,68,73,65,59,61,70,78,54,65,69,69,69,47,49,55,59,46,70,56,41,65,57,87,70,82,64,46,68,78,54,77,71,56,63,66,56,63,58,77,67,59,62,60,76,64,64,62,59,81,70,64,69,65,55,52,69,68,64,87,66,82,66,83,78,68,72,65,60,87,77,80,46,68,69,68,68,85,81,62,64,61
RCP6.0,KENORA_A,20,22,17,17,23,23,20,22,24,18,20,17,21,18,24,20,25,20,20,21,26,18,26,16,16,23,21,19,24,29,27,21,23,22,28,27,22,21,17,24,22,18,20,33,15,22,19,22,23,23,19,21,22,23,17,26,22,24,27,18,27,28,24,21,21,25,25,25,21,24,23,28,25,20,26,19,19,25,23,22,20,24,19,20,24,25,17,28,29,22,30,25,22,22,20,21,25,25,26,28,24,34,25,26,18,21,34,21,25,16,22,29,23,19,30,28,32,25,29
RCP6.0,KING_SMOKE_TREE,47,46,49,38,40,49,60,38,51,41,53,34,45,43,35,34,40,37,40,42,41,52,47,45,39,51,50,43,47,53,39,42,48,47,64,50,40,34,52,58,50,46,45,59,66,48,50,46,49,49,40,38,45,46,41,58,49,32,53,45,65,54,64,51,42,58,58,46,58,54,45,46,53,49,53,54,64,52,53,50,55,54,52,53,44,52,58,56,51,61,48,52,42,60,54,49,65,53,72,53,65,58,50,57,49,47,71,69,59,36,62,55,54,52,67,66,49,52,48
RCP6.0,KINGSTON_PUMPING_STATION,68,71,69,57,60,73,86,59,70,61,75,56,61,66,52,53,59,52,66,62,63,72,70,67,59,77,68,64,71,70,60,63,77,66,84,68,62,51,77,84,74,69,69,80,90,67,75,76,78,78,58,58,66,70,56,81,67,52,74,68,97,81,93,74,57,79,85,66,85,81,65,71,75,67,74,72,90,78,69,74,72,85,73,75,70,71,91,83,74,82,74,67,62,83,78,73,98,79,94,78,90,89,77,82,72,70,98,88,90,55,80,81,80,78,95,93,71,76,72
RCP6.0,KINGSVILLE_MOE,59,57,62,46,46,57,67,46,64,55,70,41,49,55,45,42,62,57,44,59,48,59,59,59,47,67,65,55,60,77,56,49,57,57,81,64,53,46,64,67,59,58,51,71,75,66,61,51,58,61,66,53,51,56,47,77,66,43,59,51,75,60,79,58,62,70,60,65,62,76,52,60,65,65,75,68,80,50,65,66,59,59,60,64,55,63,74,64,55,81,65,63,57,97,59,56,76,63,87,61,85,62,60,73,62,65,75,84,74,48,73,72,76,73,89,84,73,61,53
RCP6.0,LINDSAY_FROST,54,56,57,45,49,57,69,45,57,51,60,39,52,51,42,41,46,42,49,49,50,59,56,52,48,60,55,52,54,59,47,50,58,53,73,58,51,41,60,68,57,54,54,69,74,56,57,57,57,57,44,46,53,54,47,64,55,39,61,53,74,62,73,56,47,65,66,53,65,61,54,54,62,55,60,61,73,62,58,59,61,64,60,63,51,59,69,66,59,66,57,58,48,67,64,57,75,63,78,63,73,69,60,64,57,55,79,76,70,43,70,63,63,59,73,73,54,60,58
RCP6.0,LONDON_AIRPORT,66,66,70,54,59,69,80,55,73,65,75,49,59,63,52,50,64,57,54,62,56,68,66,61,57,71,76,59,70,80,61,61,66,67,91,73,62,54,71,81,67,63,63,83,88,70,73,63,68,69,60,53,60,64,60,78,72,46,72,62,84,70,89,67,61,81,77,69,73,78,60,64,73,74,76,76,86,65,79,70,72,71,71,74,62,73,81,73,67,96,66,73,59,94,76,65,86,70,100,75,94,77,68,80,70,66,92,98,82,53,90,77,80,79,94,89,74,71,66
RCP6.0,LYNDHURST_SHAWMERE,63,66,63,53,55,68,78,55,66,56,70,54,56,61,47,49,56,49,62,57,59,67,67,63,54,74,63,58,67,64,56,59,74,62,79,63,57,46,74,79,71,64,66,75,85,61,72,73,76,76,54,54,61,66,51,76,62,48,70,64,94,76,87,71,53,74,84,63,83,78,61,68,71,63,70,66,85,74,65,67,66,83,70,71,68,67,88,77,70,77,71,61,59,78,73,69,93,74,90,73,86,84,75,78,69,67,92,83,86,50,73,77,75,76,91,88,69,72,67
,,0,0,0,0,0,0,0,0,0,0,0,0,0,0,0,0,0,0,0,0,0,0,0,0,0,0,0,0,0,0,0,0,0,0,0,0,0,0,0,0,0,0,0,0,0,0,0,0,0,0,0,0,0,0,0,0,0,0,0,0,0,0,0,0,0,0,0,0,0,0,0,0,0,0,0,0,0,0,0,0,0,0,0,0,0,0,0,0,0,0,0,0,0,0,0,0,0,0,0,0,0,0,0,0,0,0,0,0,0,0,0,0,0,0,0,0,0,0,0
RCP6.0,MASSEY,56,52,45,36,44,50,64,46,51,49,49,31,46,44,47,37,41,38,42,57,43,47,56,46,44,58,50,48,52,59,53,50,55,50,65,60,51,39,45,61,48,50,45,65,60,49,55,58,44,49,33,42,55,46,48,50,52,41,49,47,66,54,64,45,45,54,62,49,56,55,56,55,65,50,56,54,58,55,47,57,51,63,59,57,41,52,62,66,58,58,54,54,44,60,57,55,71,64,69,61,70,69,52,59,54,50,72,71,65,43,80,58,61,47,62,67,56,70,55
RCP6.0,MIDDLEPORT_TS,59,58,60,48,51,62,73,50,66,54,69,46,55,57,44,44,55,52,48,52,51,64,61,56,51,64,68,53,63,70,52,56,59,61,79,65,53,46,66,72,61,56,54,73,80,61,64,59,62,63,56,48,55,59,53,73,64,43,67,56,80,63,82,61,54,73,68,62,68,72,54,58,66,67,69,68,80,61,69,63,65,65,65,66,56,65,75,66,63,82,62,65,54,84,65,59,82,65,89,65,79,71,61,75,63,60,85,87,74,47,80,71,71,74,84,84,65,64,59
RCP6.0,MIDLAND_WATER,75,77,80,60,67,79,95,63,79,71,81,52,69,70,60,58,63,57,68,70,69,78,77,68,66,82,78,71,74,82,67,67,77,74,101,83,73,58,79,94,76,75,72,95,99,76,78,78,75,75,59,61,73,73,65,82,77,54,81,72,97,84,97,75,63,88,86,72,86,83,76,73,85,76,81,82,98,81,79,81,81,89,83,85,68,78,93,92,79,91,77,79,67,93,86,77,103,86,101,87,99,95,79,88,78,74,107,106,97,61,98,86,86,78,96,96,75,85,82
RCP6.0,MILLGROVE,66,65,68,55,59,70,84,56,74,61,76,51,62,64,50,50,62,57,56,60,59,71,67,62,57,72,73,59,69,78,60,61,68,68,88,73,60,51,73,82,69,64,61,81,90,68,71,66,69,70,59,54,62,66,60,80,71,49,72,64,87,71,91,69,61,82,76,69,76,80,62,65,75,74,77,74,89,67,74,71,72,72,73,76,62,72,83,76,69,90,68,72,61,91,73,66,89,72,93,74,89,79,69,82,72,68,94,94,84,53,88,80,78,78,93,90,73,73,67
RCP6.0,MINDEN,69,71,74,56,62,73,90,58,72,65,76,50,66,66,54,54,58,52,65,64,64,74,71,65,61,77,70,67,69,75,62,64,74,68,94,75,66,53,74,87,72,70,69,88,94,71,72,74,72,71,54,58,69,70,59,78,71,50,78,68,94,81,93,71,59,82,84,67,83,77,70,70,80,69,76,77,93,81,73,76,77,82,77,80,64,74,89,84,75,82,73,74,61,87,83,73,97,80,99,81,94,89,77,81,73,69,101,98,91,57,90,80,82,73,92,90,68,78,76
RCP6.0,MINE_CENTRE,27,28,20,22,30,30,28,27,31,22,28,23,26,24,28,24,32,25,25,25,30,22,31,22,22,31,26,23,31,39,33,25,30,27,34,33,29,24,21,29,26,23,25,40,21,25,27,27,28,27,23,24,29,29,21,36,29,30,33,25,33,35,30,25,25,32,29,29,27,30,29,34,31,27,32,26,23,31,27,31,22,29,24,24,27,31,22,32,36,26,35,31,27,25,24,25,30,31,33,35,30,41,30,35,25,25,41,26,31,22,29,36,31,24,40,36,40,37,37
RCP6.0,MONETVILLE,64,64,59,44,54,63,76,53,61,59,62,39,56,55,52,48,49,45,54,63,55,60,66,55,54,70,61,59,60,65,59,58,65,59,78,69,60,49,58,74,60,62,57,79,75,60,63,70,56,60,43,51,61,58,54,60,61,47,62,57,77,67,76,57,53,66,72,57,66,65,66,62,73,59,65,65,70,67,58,66,63,73,67,69,52,62,75,75,66,68,63,64,53,74,68,63,84,74,79,69,80,80,65,70,65,60,85,86,78,52,84,69,72,59,74,77,60,73,68
RCP6.0,MOOSONEE_UA,30,29,17,22,28,32,26,27,29,28,23,22,31,27,30,28,26,31,24,34,26,22,33,29,24,37,31,29,23,45,28,34,33,23,39,34,34,30,26,28,25,29,27,44,26,27,32,38,25,30,21,32,31,29,28,33,29,27,32,28,32,36,32,28,30,33,42,25,32,37,34,26,31,31,31,24,32,37,29,33,28,28,34,35,26,35,37,46,36,31,34,34,30,36,33,38,33,35,37,40,38,40,37,36,40,34,46,33,23,27,36,37,33,32,45,35,40,49,39
RCP6.0,MORRISBURG,63,68,66,56,55,69,77,59,68,57,71,57,57,63,50,51,57,51,64,57,60,66,70,63,56,76,65,60,70,65,59,61,73,63,80,63,60,48,75,81,73,66,70,76,84,61,72,73,78,77,55,56,64,67,52,76,64,49,72,65,93,78,86,73,54,76,83,63,84,82,62,71,73,64,70,65,87,74,67,69,64,82,72,71,72,65,91,78,72,80,74,58,62,79,73,71,93,75,86,75,87,86,76,80,72,71,88,82,84,53,72,77,76,78,91,86,70,71,70
RCP6.0,MOUNTAINVIEW,64,64,63,54,56,68,83,53,67,55,72,50,59,62,47,48,56,49,59,57,60,68,65,63,53,71,65,59,65,67,55,60,72,63,81,65,57,47,72,77,70,63,62,75,87,63,70,69,73,73,56,54,62,67,53,80,62,48,72,64,92,77,89,69,54,75,79,63,81,76,61,67,71,66,72,70,88,74,67,69,71,79,70,71,63,68,85,76,69,79,70,66,59,82,73,70,92,73,95,75,86,83,73,79,66,65,93,86,85,50,78,80,77,74,91,89,68,74,66
RCP6.0,MUSKOKA_A,70,73,76,57,64,75,90,60,73,68,76,49,67,67,57,56,58,54,66,67,65,75,73,66,63,79,72,69,70,76,65,65,74,69,96,78,69,56,73,87,71,72,70,90,94,73,74,76,71,71,55,60,71,71,62,76,73,53,78,69,92,81,92,71,61,82,84,67,82,77,72,70,82,71,76,77,91,79,74,77,77,83,78,83,64,74,90,86,76,82,74,76,63,88,83,74,97,82,97,83,95,90,77,82,74,71,101,100,91,59,92,81,84,74,90,90,69,79,79
,,0,0,0,0,0,0,0,0,0,0,0,0,0,0,0,0,0,0,0,0,0,0,0,0,0,0,0,0,0,0,0,0,0,0,0,0,0,0,0,0,0,0,0,0,0,0,0,0,0,0,0,0,0,0,0,0,0,0,0,0,0,0,0,0,0,0,0,0,0,0,0,0,0,0,0,0,0,0,0,0,0,0,0,0,0,0,0,0,0,0,0,0,0,0,0,0,0,0,0,0,0,0,0,0,0,0,0,0,0,0,0,0,0,0,0,0,0,0,0
,,0,0,0,0,0,0,0,0,0,0,0,0,0,0,0,0,0,0,0,0,0,0,0,0,0,0,0,0,0,0,0,0,0,0,0,0,0,0,0,0,0,0,0,0,0,0,0,0,0,0,0,0,0,0,0,0,0,0,0,0,0,0,0,0,0,0,0,0,0,0,0,0,0,0,0,0,0,0,0,0,0,0,0,0,0,0,0,0,0,0,0,0,0,0,0,0,0,0,0,0,0,0,0,0,0,0,0,0,0,0,0,0,0,0,0,0,0,0,0
RCP6.0,NORTH_BAY_A,63,62,56,43,51,61,75,51,58,56,60,38,56,54,49,47,47,44,53,61,52,59,65,54,51,73,61,59,57,62,60,58,63,57,81,67,56,47,56,73,62,61,56,79,74,60,62,67,55,57,41,53,60,56,58,58,59,46,61,56,79,70,74,55,52,65,73,54,69,66,63,62,72,55,63,63,75,68,56,64,66,72,71,69,52,62,75,72,67,71,62,65,51,74,72,64,84,69,83,69,86,79,63,67,64,60,89,93,77,49,88,68,72,59,75,76,58,70,69
RCP6.0,OAKVILLE_SOUTHEAST_WPCP,52,50,50,42,43,53,66,40,58,46,62,36,51,48,37,37,46,44,43,46,43,57,54,49,43,57,58,45,53,60,44,48,54,54,70,56,43,36,59,64,57,50,48,64,74,52,58,52,55,57,46,41,49,51,45,67,55,35,59,47,75,57,74,54,48,65,62,53,65,63,48,51,59,57,63,60,74,54,60,56,63,58,59,57,50,57,66,61,55,72,53,58,46,72,58,54,72,56,83,57,71,63,53,66,54,52,81,77,67,38,69,64,62,60,78,76,57,57,50
RCP6.0,ORANGEVILLE_MOE,53,52,57,44,48,56,67,43,60,50,60,38,49,50,41,40,47,43,46,48,47,59,54,49,46,59,57,48,55,62,48,48,53,55,72,59,49,41,57,67,55,53,50,67,73,54,57,53,55,54,46,42,51,52,48,61,55,37,58,51,69,58,73,55,47,66,62,54,62,62,52,53,62,59,61,60,72,55,59,57,59,60,60,62,50,57,67,64,55,71,54,58,49,71,61,54,72,60,76,62,71,65,55,65,57,54,76,76,69,42,71,64,62,59,73,72,59,59,54
RCP6.0,OSHAWA_WPCP,55,55,56,46,48,58,70,45,61,49,62,41,54,53,41,42,49,44,48,50,50,60,56,53,46,61,59,51,56,61,48,52,58,55,72,58,48,41,63,68,60,55,52,69,77,56,61,56,58,59,49,47,53,56,49,68,56,40,61,54,77,64,77,59,49,68,67,56,68,66,53,55,61,59,63,63,76,59,61,60,63,63,61,63,52,61,70,66,59,71,58,60,51,72,62,58,77,61,80,62,75,68,59,67,58,57,81,77,71,43,73,67,64,62,79,78,57,61,56
RCP6.0,OTTAWA_CDA,52,57,55,42,46,57,66,46,54,48,57,44,47,51,39,40,46,41,54,49,49,57,58,52,44,64,52,50,56,54,49,50,63,52,69,54,50,39,64,69,59,57,57,67,72,52,60,63,63,62,43,46,52,54,44,63,53,39,61,53,79,65,76,60,43,62,73,49,71,64,53,58,62,52,58,54,71,63,56,58,56,71,59,61,56,56,76,66,61,64,60,52,48,64,62,58,81,63,74,62,76,74,62,66,61,56,82,71,73,45,64,64,63,62,77,73,55,59,58
RCP6.0,OTTAWA_MACDONALD,57,62,59,46,49,62,72,51,58,53,62,48,51,55,43,44,50,45,59,53,54,61,63,57,47,69,57,54,61,59,53,55,68,57,75,59,54,42,69,76,65,61,62,72,79,57,66,69,69,67,47,51,57,59,48,69,57,42,66,57,85,72,82,66,46,67,78,54,77,70,57,63,67,57,63,59,78,68,62,63,61,76,64,67,62,61,83,71,65,70,65,56,52,70,67,64,88,68,80,67,82,81,67,72,66,61,88,77,79,49,70,70,69,67,84,79,61,64,64
RCP6.0,OWEN_SOUND_MOE,91,93,100,74,85,97,112,79,98,87,98,63,82,84,75,74,76,70,81,87,85,96,94,83,82,99,97,88,93,101,87,82,91,92,122,102,91,74,94,113,91,90,89,116,120,93,96,94,92,92,72,73,91,90,81,96,94,68,96,91,115,98,115,89,78,105,104,90,100,99,92,90,104,97,100,104,117,98,96,97,98,106,101,105,83,95,112,109,95,115,93,98,84,117,105,95,121,105,126,111,120,114,95,109,95,92,129,133,118,77,122,107,110,98,115,115,96,107,99
RCP6.0,PETERBOROUGH_A,51,51,53,41,46,54,68,41,53,48,58,37,49,48,38,37,44,39,48,47,47,57,52,49,43,58,53,49,51,57,44,48,56,51,71,55,47,37,58,66,56,51,52,65,74,53,56,55,54,56,41,44,51,52,44,65,51,36,60,50,73,62,74,54,44,62,63,50,64,59,51,53,59,52,60,59,72,62,57,56,60,62,58,59,49,55,67,63,57,64,54,57,45,64,63,56,74,60,80,61,72,68,58,63,54,52,79,75,69,40,68,61,61,56,73,72,52,57,54
RCP6.0,PETERBOROUGH_TRENT_U,49,51,52,40,45,53,68,41,52,46,58,36,49,47,37,36,42,39,47,47,46,56,52,49,41,57,50,50,49,55,42,47,57,49,70,53,46,36,57,64,56,50,54,66,73,52,55,54,55,55,40,42,49,50,42,67,51,34,60,49,75,62,75,53,42,59,66,48,64,57,49,50,58,50,59,59,70,65,56,56,62,62,56,58,48,56,67,62,56,61,53,58,44,63,66,57,74,58,87,61,73,68,60,63,53,51,83,77,69,39,67,60,61,55,73,71,49,56,54
RCP6.0,PETROLIA_TOWN,61,60,63,48,51,63,72,48,65,56,67,43,51,56,46,44,59,51,50,54,50,62,59,56,52,63,66,52,63,72,59,50,59,59,81,65,55,47,64,71,60,57,54,72,78,62,65,56,59,61,56,48,53,57,51,70,63,42,60,53,74,60,80,57,55,70,63,62,63,70,55,58,66,69,68,68,74,56,67,64,61,63,64,68,56,64,73,66,57,89,59,59,55,88,67,57,77,64,89,68,86,67,59,72,63,61,79,84,73,48,77,68,74,71,80,77,69,63,56
RCP6.0,PICKLE_LAKE_A,20,21,12,17,23,22,17,18,25,18,21,16,22,19,22,20,23,23,21,24,23,17,25,19,15,25,19,16,23,32,23,20,24,23,25,26,24,21,17,24,21,18,22,34,19,23,23,25,23,21,17,21,21,23,15,28,22,22,28,21,27,27,23,19,19,22,22,25,21,24,22,21,26,19,26,19,21,28,22,23,22,22,20,25,24,25,20,28,25,23,29,21,22,28,20,22,23,28,28,30,24,34,27,26,22,23,35,21,20,16,25,24,24,18,31,26,31,30,26
RCP6.0,PORCUPINE_ONT_HYDRO,63,62,42,43,52,58,59,57,54,53,53,42,59,52,59,45,47,50,51,65,49,47,67,55,49,65,58,56,56,62,58,70,64,51,76,72,59,45,47,59,52,57,54,76,55,50,58,67,49,58,39,51,63,50,56,63,59,53,60,53,69,64,70,48,56,67,75,55,64,75,60,61,72,57,63,52,63,66,53,61,58,64,65,65,48,59,68,77,66,60,62,61,53,64,64,66,71,65,71,69,76,76,63,67,66,59,84,68,65,50,88,67,59,52,76,72,67,89,69
RCP6.0,PORT_COLBORNE,62,61,59,53,53,64,74,54,68,54,71,49,60,62,46,49,57,53,52,55,56,64,65,61,54,67,69,55,64,71,54,59,65,64,78,64,55,51,69,72,68,59,57,72,81,62,67,62,66,68,56,54,59,62,56,79,64,50,67,61,86,69,83,64,57,72,69,66,74,75,55,65,69,68,70,69,84,64,64,68,67,67,65,66,59,66,77,69,65,78,64,67,60,85,65,65,85,66,85,69,81,71,66,74,66,64,85,81,77,51,79,80,75,72,85,88,68,70,62
RCP6.0,PORT_DALHOUSIE,59,59,57,51,51,61,74,52,66,53,70,49,59,59,46,46,55,51,52,53,54,65,63,59,52,65,66,55,62,69,52,58,64,61,76,64,52,48,67,72,67,56,58,70,81,60,68,60,65,67,57,52,55,61,54,80,63,47,68,59,84,67,81,61,55,71,67,62,72,71,53,61,66,67,69,68,82,64,66,65,71,66,63,65,60,64,75,67,65,77,62,63,56,84,64,63,83,64,87,68,79,70,65,74,63,61,86,81,74,48,76,78,72,72,84,89,66,67,59
RCP6.0,POWASSAN,54,55,53,38,46,54,68,44,52,50,54,33,49,48,43,41,41,39,48,53,46,54,57,48,45,63,54,52,51,55,52,50,56,51,72,59,50,41,52,66,54,55,51,70,67,53,54,61,50,51,37,46,53,51,48,53,53,39,56,49,70,62,68,51,46,58,64,48,61,57,56,55,63,50,56,56,67,60,51,58,57,64,61,62,47,54,68,65,59,61,55,57,45,66,64,56,76,63,73,61,76,70,56,60,57,52,78,80,69,44,74,60,64,53,67,68,51,61,60
RCP6.0,PRESTON,58,57,59,47,51,60,71,48,65,55,67,44,54,56,46,44,54,50,48,52,51,62,59,54,51,63,65,53,61,68,53,55,59,58,78,64,53,46,64,74,60,55,55,71,78,60,63,56,60,60,53,46,54,57,52,69,63,42,64,55,76,63,78,59,53,70,67,60,65,69,54,56,64,66,67,68,76,59,67,61,63,64,64,65,54,63,72,65,60,79,58,63,52,79,66,58,76,62,84,66,79,69,60,71,61,59,82,83,72,47,77,68,69,69,80,79,63,67,58
RCP6.0,PROTON_STATION,87,88,95,74,82,95,105,76,95,84,97,66,81,82,71,70,75,70,76,81,79,91,89,80,78,93,95,85,90,99,81,82,87,85,116,95,86,71,92,105,88,85,87,109,114,89,92,88,91,88,73,69,84,86,79,92,90,66,96,87,109,94,112,88,77,100,103,86,96,97,83,83,97,95,97,101,111,94,97,91,96,99,98,101,80,93,106,100,91,114,89,95,80,112,103,90,112,95,126,102,117,104,91,105,92,90,124,126,109,74,116,101,104,97,115,113,90,98,94
RCP6.0,RAWSON_LAKE,21,23,17,18,24,25,21,23,25,19,21,19,23,19,26,22,27,21,21,23,28,19,27,16,17,25,22,20,25,32,29,22,25,23,30,28,24,22,18,26,23,18,20,37,16,23,20,23,25,24,21,22,23,24,18,29,23,27,29,19,30,30,26,21,22,27,27,26,22,26,24,30,26,21,28,21,20,26,24,24,21,25,20,20,25,27,18,30,31,23,32,26,24,24,21,22,26,28,28,30,25,38,26,28,19,22,38,21,27,16,24,31,25,20,33,30,35,29,31
RCP6.0,RED_LAKE_A,21,23,16,18,24,22,17,23,25,19,20,17,22,19,25,24,26,23,22,23,28,19,27,17,17,24,21,20,24,29,26,20,25,24,26,28,23,23,19,24,24,19,21,34,18,25,21,23,24,23,20,21,23,23,17,27,22,24,26,19,27,29,23,22,21,25,25,29,21,26,23,26,27,21,28,19,20,27,24,20,23,27,20,24,27,26,17,32,29,24,34,24,24,29,21,23,27,28,29,29,24,35,27,28,18,24,37,23,24,16,25,29,26,19,31,27,32,24,26
RCP6.0,RENFREW,50,51,52,38,44,54,66,42,50,46,55,39,44,47,36,36,42,37,53,50,47,55,54,50,40,61,48,47,51,51,45,46,61,49,66,52,45,36,61,65,57,54,57,67,71,52,56,61,58,56,40,42,49,50,42,66,51,35,60,48,79,61,79,54,41,60,70,46,68,58,50,55,59,49,57,54,69,61,54,59,58,63,57,60,50,54,73,62,61,59,54,51,43,61,63,57,77,62,76,60,77,70,63,66,57,51,85,71,75,42,66,59,63,58,74,71,49,59,55
RCP6.0,RICHMOND_HILL,56,55,58,47,49,58,70,46,61,50,62,42,53,53,42,42,49,45,48,50,50,60,56,53,47,60,59,50,56,62,48,51,57,56,72,60,49,42,61,67,59,55,52,68,76,57,60,56,58,58,49,46,53,56,49,66,57,41,61,54,74,62,75,59,50,68,65,56,66,65,53,54,62,59,62,62,75,59,59,59,61,62,61,63,52,60,68,65,59,70,57,59,51,71,61,57,75,61,78,62,73,67,59,66,58,56,78,76,70,43,72,67,64,62,77,75,58,61,57
RCP6.0,RIDGEVILLE,58,56,55,49,49,59,70,49,63,49,66,44,56,56,42,44,53,49,47,50,51,59,59,56,48,62,64,50,59,67,49,54,60,59,72,59,49,44,66,67,63,55,52,66,75,58,62,57,61,62,52,49,54,57,51,74,59,44,62,55,80,64,78,59,52,67,64,61,68,70,51,60,64,62,66,63,79,57,58,62,61,62,61,61,53,61,71,65,60,73,60,61,54,78,60,59,78,61,78,62,76,66,60,70,61,59,79,75,73,44,73,72,68,66,80,80,62,64,57
RCP6.0,ROSEVILLE,56,54,58,45,48,57,69,45,62,52,63,40,50,52,42,41,51,47,45,50,48,60,57,52,47,61,62,49,58,65,50,50,56,57,75,62,50,42,62,68,57,53,52,69,76,57,60,53,57,57,50,43,52,53,49,66,60,39,60,53,74,60,76,56,50,69,64,57,64,67,52,54,63,61,64,62,74,55,62,59,59,60,60,63,51,61,69,64,57,77,56,60,51,76,62,55,73,61,79,62,75,66,58,67,60,56,79,81,72,43,74,66,65,64,78,76,62,60,56
RCP6.0,RUSKVIEW,69,69,74,57,64,72,84,58,75,64,75,49,63,66,54,53,59,54,60,63,63,74,70,63,60,74,72,65,69,77,63,62,70,69,91,76,65,54,72,84,71,67,66,87,92,70,72,70,71,69,57,55,67,67,61,76,71,50,74,67,88,74,90,69,60,82,80,68,77,78,67,67,79,74,77,76,89,73,74,73,76,78,76,80,62,73,85,82,72,88,71,73,63,88,78,70,91,77,95,81,90,84,73,82,72,70,98,97,88,56,90,81,80,74,90,89,72,78,72
RCP6.0,RUSSELL,63,68,66,53,56,69,78,58,66,58,70,55,57,62,49,49,56,50,66,60,60,68,70,63,53,77,64,60,68,64,61,61,76,63,81,65,62,47,78,83,72,67,70,80,86,61,73,79,77,78,54,56,63,67,53,76,65,48,73,66,97,79,89,72,53,77,89,62,86,80,63,70,74,63,70,65,86,77,68,69,66,84,74,74,71,68,93,80,75,78,73,60,60,78,76,72,98,74,92,75,93,88,78,81,74,69,96,85,89,55,75,78,76,79,92,90,70,74,70
RCP6.0,SARNIA_AIRPORT,51,49,53,39,42,52,61,39,54,47,56,34,43,45,38,35,48,42,40,45,41,52,49,46,42,53,55,42,53,60,48,40,48,50,68,54,46,38,53,59,50,48,45,61,66,50,54,46,49,51,45,39,44,46,42,58,52,34,49,43,62,50,68,47,44,59,52,52,53,58,46,48,55,58,57,57,63,45,55,53,51,53,53,57,47,53,61,56,48,73,48,50,46,73,56,48,65,54,74,57,70,56,48,60,52,51,67,69,62,40,65,57,61,58,68,64,58,53,47
RCP6.0,SAULT_STE_MARIE_2,70,68,56,51,66,67,71,65,68,64,66,48,61,58,64,53,57,54,57,73,59,58,70,60,58,72,65,63,70,75,66,65,71,65,83,78,69,53,56,73,62,63,64,80,69,62,68,75,59,69,43,59,73,64,60,68,70,60,62,63,80,67,71,56,59,73,76,60,68,67,67,70,81,66,71,67,71,72,66,72,63,74,71,72,55,67,74,81,75,71,71,68,55,76,68,71,83,76,79,76,75,86,65,79,72,63,85,83,78,60,90,77,78,62,76,79,70,89,71
RCP6.0,SAULT_STE_MARIE_A,53,51,42,38,50,51,54,49,51,48,49,35,45,43,48,39,44,41,43,55,44,43,53,45,43,55,49,47,53,58,51,49,54,49,64,59,52,39,43,56,47,48,47,60,52,47,51,57,44,52,32,44,55,48,45,51,53,45,47,47,62,51,54,42,44,55,59,46,52,51,51,54,62,50,54,50,55,54,50,55,48,56,54,55,41,51,57,62,57,54,53,52,41,58,51,54,63,58,60,58,58,66,50,61,55,47,66,63,60,44,70,59,60,46,58,60,54,70,54
RCP6.0,SHANTY_BAY,69,69,73,57,62,72,86,58,73,64,75,50,65,65,55,54,59,53,62,63,63,74,69,64,61,74,71,65,69,75,62,62,71,68,91,75,65,54,73,85,71,68,67,84,91,70,72,71,70,69,56,57,67,68,61,77,70,51,75,67,88,77,90,70,60,81,80,67,79,77,67,67,78,71,76,76,89,75,73,73,74,78,75,79,63,72,84,82,72,84,70,72,62,85,78,70,92,77,93,79,90,84,74,81,72,69,96,94,86,56,88,80,79,73,89,88,70,76,73
RCP6.0,SIOUX_LOOKOUT_A,28,28,19,22,29,30,24,28,30,23,26,23,28,24,30,26,31,27,26,28,32,22,32,22,20,31,26,23,29,39,33,26,29,29,33,34,32,27,22,29,28,24,27,43,22,28,26,29,29,28,21,26,27,29,20,35,29,32,36,26,35,36,30,24,26,33,29,32,27,31,29,33,32,25,32,24,24,33,29,31,26,30,24,28,31,33,23,35,35,28,38,31,28,32,25,27,29,33,34,37,29,45,33,34,25,28,46,28,29,20,30,36,30,24,40,34,39,37,36
RCP6.0,SMOKY_FALLS,48,45,28,34,44,47,37,43,42,41,39,35,47,41,45,40,39,45,40,51,40,33,51,43,36,51,47,43,40,55,43,52,52,37,57,53,46,39,36,41,37,44,43,63,39,37,45,51,39,45,30,42,47,43,41,50,46,44,49,40,48,49,49,39,45,52,55,41,48,54,48,40,53,45,45,36,47,50,44,48,42,42,48,49,39,52,51,60,50,43,52,48,41,52,46,51,47,50,54,57,55,58,49,53,52,46,66,47,42,41,56,55,46,43,59,51,55,71,57
RCP6.0,SOUTH_MOUNTAIN,61,66,63,52,54,66,75,55,64,56,67,52,55,61,47,48,54,49,62,56,58,65,67,61,53,73,61,58,67,63,57,58,71,61,78,62,58,46,71,78,69,64,66,74,82,60,69,72,73,72,52,54,61,64,52,73,61,47,69,62,89,74,84,69,51,72,80,60,80,76,61,67,70,61,67,63,82,72,64,67,63,79,68,69,67,64,87,75,69,75,71,59,57,75,71,68,90,72,84,71,83,83,72,75,69,66,88,79,82,51,71,73,72,73,88,83,65,69,67
RCP6.0,ST_CATHARINES_A,59,56,55,49,48,60,71,49,64,51,67,45,56,57,43,44,52,49,49,51,51,62,60,57,49,63,64,52,59,66,49,55,61,60,73,61,49,44,66,69,64,55,54,67,78,58,64,58,61,64,53,50,55,59,51,76,60,44,64,55,80,64,78,60,53,69,66,61,70,70,52,59,65,62,67,64,81,60,61,64,64,62,62,63,56,61,72,66,62,74,60,59,54,79,62,59,78,62,81,64,76,68,61,71,61,59,80,77,74,45,74,73,69,67,81,81,63,64,58
RCP6.0,ST_CATHARINES_POWER_GLEN,49,47,47,41,42,50,62,41,54,42,57,37,50,48,36,36,45,42,41,43,43,52,50,48,41,54,57,42,50,58,41,46,52,51,63,51,41,36,57,59,54,47,45,58,67,49,55,48,53,54,45,42,46,49,43,65,51,37,54,46,71,55,71,51,45,59,56,52,60,61,44,51,55,54,57,55,69,50,52,55,54,54,52,52,47,53,60,56,51,66,51,54,45,68,52,52,69,53,70,54,66,57,52,63,52,50,71,67,63,38,66,63,59,58,71,71,54,55,48
RCP6.0,ST_THOMAS_WPCP,64,63,67,51,54,66,75,53,70,59,71,46,56,60,49,49,61,55,51,58,55,66,64,60,55,68,73,55,67,76,59,57,64,66,85,69,58,51,68,76,65,61,58,77,83,67,68,60,63,65,59,50,58,60,57,75,68,45,66,59,81,66,84,62,58,77,70,67,69,75,58,62,70,72,73,71,83,61,71,67,67,66,68,72,59,69,78,72,63,88,63,68,59,90,68,61,82,69,90,71,87,72,65,76,68,65,84,88,79,51,83,74,76,72,87,83,73,68,63
RCP6.0,ST_ALBERT,66,73,71,56,59,74,81,61,69,60,73,59,59,65,52,52,59,53,68,61,63,71,74,66,57,80,67,62,73,68,65,65,78,65,86,67,66,50,80,87,75,71,73,84,89,64,75,81,80,80,58,59,66,69,56,78,68,50,75,68,99,83,91,75,56,81,90,65,89,83,66,72,78,66,72,69,89,78,71,73,68,85,75,77,73,70,97,84,77,82,76,60,64,81,77,75,100,79,91,78,95,91,80,84,76,74,96,88,89,58,77,81,80,81,94,92,72,76,74
RCP6.0,STRATFORD_WWTP,72,73,77,59,64,75,85,61,79,68,79,53,63,69,57,56,66,61,60,66,64,74,73,68,64,76,80,65,75,84,67,66,72,72,95,80,68,60,76,86,72,69,67,88,94,75,77,70,73,73,64,58,67,70,65,80,75,53,76,70,90,75,92,72,64,86,82,74,76,83,67,70,79,80,79,81,91,72,82,75,76,77,77,82,65,78,88,81,73,98,71,76,65,96,81,70,92,77,101,81,95,83,75,86,76,73,95,100,89,60,93,84,85,82,96,93,79,78,73
RCP6.0,STRATHROY,64,64,69,52,56,67,77,53,72,62,73,47,58,61,51,50,62,55,53,59,55,66,64,60,57,68,73,57,69,77,62,57,63,64,86,71,60,53,69,79,64,62,61,78,84,68,69,61,64,66,60,51,58,62,58,73,67,46,67,60,79,66,86,63,58,76,71,67,68,75,58,63,70,73,73,75,81,63,72,68,67,68,69,73,59,69,78,71,63,91,64,66,59,90,73,61,83,69,93,75,90,72,65,76,68,66,85,90,79,53,85,74,78,75,88,83,74,69,64
RCP6.0,SUDBURY_A,60,57,50,39,48,55,69,50,55,53,55,34,51,50,49,42,44,42,47,61,48,53,61,50,48,63,53,53,55,61,55,54,59,53,70,65,54,43,49,66,54,56,50,72,65,53,59,64,49,54,36,46,57,51,50,54,57,44,56,50,71,62,69,50,50,60,69,53,61,61,60,58,68,54,61,59,64,61,50,62,58,67,63,62,47,55,66,70,62,63,57,59,48,66,63,59,77,69,73,63,72,74,58,63,60,54,80,77,72,46,83,62,65,52,67,71,56,69,62
,,0,0,0,0,0,0,0,0,0,0,0,0,0,0,0,0,0,0,0,0,0,0,0,0,0,0,0,0,0,0,0,0,0,0,0,0,0,0,0,0,0,0,0,0,0,0,0,0,0,0,0,0,0,0,0,0,0,0,0,0,0,0,0,0,0,0,0,0,0,0,0,0,0,0,0,0,0,0,0,0,0,0,0,0,0,0,0,0,0,0,0,0,0,0,0,0,0,0,0,0,0,0,0,0,0,0,0,0,0,0,0,0,0,0,0,0,0,0,0
RCP6.0,THEDFORD,59,58,62,46,50,61,70,47,64,53,64,41,49,53,44,44,54,48,48,51,50,61,58,55,50,62,65,49,61,68,55,49,57,59,76,64,54,45,61,69,59,56,53,70,75,59,61,55,57,59,52,47,53,54,50,66,60,41,57,53,73,58,76,55,52,69,60,60,61,67,54,56,65,66,65,64,73,54,63,61,59,62,61,67,54,61,70,66,56,77,56,58,55,79,62,55,75,64,80,66,76,65,58,68,61,59,75,79,72,47,73,68,68,64,77,73,66,62,56
RCP6.0,THORNBURY_SLAMA,74,76,82,60,69,80,92,65,78,71,80,51,67,68,61,60,61,56,67,71,69,77,76,68,67,81,78,72,74,82,70,66,75,74,99,82,75,60,76,91,73,73,73,94,97,76,78,78,74,74,58,60,75,74,66,76,76,55,79,75,93,80,94,72,63,85,85,73,82,80,75,73,85,78,81,83,95,81,77,79,79,87,83,86,67,77,92,89,78,91,76,81,68,95,87,78,98,85,104,91,99,92,77,88,78,76,105,107,95,63,100,86,91,79,92,93,77,87,81
RCP6.0,TIMMINS_VICTOR_POWER_A,52,50,34,34,43,48,47,46,43,44,43,34,48,43,49,37,38,40,42,52,39,38,54,44,38,54,47,46,45,51,50,55,51,42,62,58,50,37,38,49,42,46,43,61,43,39,48,55,39,48,32,41,50,41,45,51,48,45,49,44,58,54,60,38,45,55,63,47,53,64,49,51,57,47,50,43,51,54,44,49,48,55,53,53,38,49,57,64,55,49,52,51,44,52,53,56,59,53,60,60,65,65,51,55,56,48,72,56,53,40,73,56,49,43,61,59,58,81,56
RCP6.0,TORONTO,54,51,53,43,44,54,68,42,58,46,60,38,52,49,38,38,46,43,44,48,46,57,53,50,43,58,57,46,52,59,44,49,55,54,71,56,45,38,60,65,57,52,50,65,74,53,58,52,55,57,46,44,50,52,46,66,53,37,59,50,73,61,74,57,47,66,64,53,66,63,49,52,59,57,62,59,74,56,59,57,61,58,58,58,49,58,65,61,56,69,54,59,47,69,58,55,73,58,80,59,72,64,56,64,55,53,80,75,67,39,71,65,61,59,78,75,56,59,53
RCP6.0,TORONTO_BUTTONVILLE_A,52,51,53,43,44,53,65,41,56,45,57,37,49,48,39,38,45,41,43,46,45,55,51,49,43,56,54,46,52,57,44,47,53,52,68,55,45,38,57,63,54,51,48,63,71,52,55,51,53,54,44,42,49,51,45,62,52,37,57,49,69,58,70,55,45,63,61,51,62,60,49,50,57,54,59,58,70,54,56,55,58,58,56,58,47,56,63,60,55,66,52,55,46,66,57,53,70,57,74,57,68,62,54,61,54,52,75,71,65,39,68,62,59,57,73,71,53,56,52
RCP6.0,TORONTO_LESTER_B,46,45,46,38,39,48,60,37,50,40,52,33,45,42,33,33,41,38,39,41,40,50,46,43,38,50,50,41,46,52,39,42,47,47,62,49,39,33,51,57,48,45,43,57,65,46,49,45,48,48,40,38,43,44,39,55,47,32,51,43,64,50,64,49,41,57,55,47,56,55,43,44,52,50,54,51,63,48,52,49,53,52,52,52,43,50,57,53,48,60,46,51,41,61,51,47,63,51,70,51,61,55,48,57,48,46,71,67,58,34,61,55,53,52,67,65,49,50,45
RCP6.0,TRANQUILLO_RIDGE,43,41,29,32,46,41,42,38,46,31,41,33,38,36,42,35,43,36,37,38,41,30,42,37,28,49,36,33,51,62,50,35,44,42,53,47,47,38,31,43,39,35,37,59,38,36,42,46,41,40,30,36,44,42,30,54,44,43,46,36,53,53,50,33,37,46,41,41,40,45,44,47,49,43,48,37,34,44,40,50,33,42,35,38,38,49,38,47,51,36,52,45,37,39,35,37,45,47,52,55,46,58,45,54,42,35,59,41,43,33,44,53,52,33,63,56,57,60,54
RCP6.0,TRENTON_A,57,59,59,47,51,62,76,48,60,52,64,43,55,56,43,43,50,44,54,52,54,62,59,57,48,66,58,53,58,61,50,54,65,57,75,59,51,43,66,73,63,59,58,70,83,59,63,63,65,64,48,49,57,60,49,71,57,42,65,57,84,71,85,63,49,69,74,56,73,69,57,61,66,58,66,63,80,67,61,64,64,72,63,66,56,61,78,70,63,71,63,62,52,72,68,63,84,67,84,69,79,77,65,71,62,59,86,79,78,45,74,70,69,65,83,80,60,65,62
RCP6.0,TYRONE,64,64,66,53,56,67,81,53,69,59,72,48,61,62,49,49,55,52,58,58,58,71,66,62,56,71,67,59,65,71,55,60,68,64,84,68,57,48,72,79,69,63,62,81,89,66,69,67,68,69,56,54,62,65,58,79,65,47,72,63,87,73,87,68,57,77,78,65,78,74,63,64,72,67,72,73,88,71,73,69,74,75,71,73,61,71,80,76,70,80,66,69,58,82,73,68,88,73,95,73,86,80,70,78,67,66,94,89,82,51,83,78,75,72,88,90,65,71,66
RCP6.0,UDORA,51,50,54,41,45,52,65,42,54,47,57,37,48,47,37,36,44,39,44,46,45,54,51,48,42,55,53,48,50,56,43,47,52,50,68,55,46,37,55,63,53,49,49,63,69,51,55,52,52,54,41,42,48,49,44,62,53,35,58,49,69,57,71,53,43,62,62,49,60,58,49,49,57,52,56,57,68,56,55,54,58,59,56,56,47,55,63,61,54,63,51,56,45,64,59,53,70,56,76,57,69,65,54,61,52,51,76,73,65,39,67,59,57,54,70,71,51,56,52
RCP6.0,VINELAND_RITTENHOUSE,59,57,55,50,50,60,72,50,64,51,68,46,57,58,44,45,53,50,49,52,52,61,60,56,49,63,66,52,60,68,50,56,61,59,74,62,51,46,66,70,63,55,54,69,77,58,64,59,62,63,53,51,54,59,53,75,61,45,64,56,80,65,80,59,53,68,66,62,70,70,52,60,65,64,67,65,80,60,63,63,64,64,61,63,56,63,71,65,62,77,60,64,54,79,61,61,81,62,82,65,77,68,61,71,62,59,83,79,73,46,75,75,70,69,82,83,63,67,58
RCP6.0,WAWA_A,58,52,38,36,54,50,48,51,48,48,48,38,49,47,55,40,44,43,44,56,44,38,59,48,42,58,50,49,56,63,52,57,57,47,77,60,55,41,40,55,46,48,50,61,49,43,52,59,45,54,32,48,56,47,44,55,53,51,49,45,63,57,57,40,52,61,62,50,58,55,50,58,64,50,54,46,50,54,49,54,50,56,53,56,43,60,56,69,55,52,56,55,43,57,52,55,61,56,63,63,62,65,52,65,60,47,75,59,59,45,68,64,64,45,59,65,59,87,62
RCP6.0,WELLAND,65,64,63,57,57,68,80,57,71,57,75,52,64,65,49,51,60,56,55,58,59,69,68,64,56,71,73,58,68,76,57,63,69,66,83,68,57,53,73,76,71,62,60,76,86,66,71,66,70,71,60,57,62,65,59,83,68,52,70,64,91,73,88,67,60,77,73,69,78,78,58,68,73,72,74,73,89,68,69,72,71,71,68,71,62,70,81,74,69,83,68,72,62,89,68,69,91,70,90,72,86,75,70,79,69,67,91,86,82,53,83,84,78,77,90,93,71,73,66
RCP6.0,WHITEFISH_LAKE,40,40,29,32,46,41,40,38,45,32,41,32,38,36,41,35,43,36,37,37,40,31,43,35,29,46,34,32,48,56,50,33,43,40,51,45,45,36,30,43,37,36,37,57,38,35,42,41,39,39,30,37,42,41,31,54,42,44,47,39,49,52,47,34,35,46,40,42,42,45,42,46,48,43,46,36,34,44,41,48,32,44,35,36,37,46,37,44,49,35,50,44,37,37,34,37,44,46,49,52,44,54,43,51,41,35,58,41,43,33,43,51,51,33,58,52,54,56,52
RCP6.0,WIARTON_A,74,76,81,60,70,80,92,66,80,72,81,52,68,69,62,61,62,58,67,72,70,79,76,69,68,82,80,72,76,83,71,67,75,75,100,83,75,61,76,92,74,74,73,95,98,77,79,78,75,75,59,60,76,74,67,77,78,55,79,74,93,80,95,73,64,86,85,74,83,80,76,74,86,80,83,85,95,81,79,81,80,87,83,85,68,78,92,90,79,94,75,82,69,96,87,79,99,85,105,93,100,95,77,90,78,76,106,110,97,64,102,87,91,80,94,94,80,88,81
RCP6.0,WINDSOR_A,60,60,64,45,46,58,70,43,64,58,68,40,49,53,45,41,62,52,46,57,47,61,56,61,48,66,62,52,62,74,57,47,55,56,79,64,53,46,64,67,60,60,51,72,79,61,61,52,55,60,62,49,51,56,47,72,63,42,58,51,75,58,80,56,59,71,57,63,60,71,53,58,67,70,73,69,76,52,66,69,60,60,62,65,57,61,75,67,53,87,65,60,56,106,64,57,75,64,94,65,85,62,57,74,61,62,76,85,74,50,78,67,75,72,87,81,73,62,53
RCP6.0,WOODBRIDGE,45,44,47,37,39,46,58,36,49,41,51,33,43,42,34,33,40,36,38,40,39,49,45,42,38,48,49,41,46,51,39,41,46,45,61,48,39,33,49,55,47,44,42,55,63,45,48,44,47,47,39,37,43,44,39,53,46,31,49,43,60,49,63,47,40,56,52,46,54,53,42,44,51,49,51,49,61,47,50,48,50,51,50,51,42,48,56,52,47,60,46,48,40,59,50,46,62,50,65,50,60,55,47,55,47,45,65,64,57,35,59,54,51,50,62,62,48,49,46
RCP6.0,WOODSTOCK,61,58,62,48,52,62,75,49,66,57,69,43,54,56,46,43,59,52,48,54,51,63,60,55,51,65,70,52,63,72,54,55,60,61,83,66,55,46,65,74,61,57,57,77,82,63,66,57,62,62,54,47,54,58,53,73,66,41,66,55,78,64,83,61,55,75,70,62,68,72,54,58,67,68,70,68,79,59,73,63,65,64,64,67,56,66,75,66,61,89,61,68,53,87,68,59,80,64,92,68,85,71,60,74,64,60,85,90,75,46,83,70,72,71,88,83,66,64,60
RCP6.0,WOOLER,68,72,72,57,61,75,94,59,72,63,77,52,65,66,52,52,59,54,64,63,63,74,72,68,58,78,68,70,69,74,60,66,79,67,91,72,63,51,78,86,76,70,73,87,94,71,73,76,76,76,58,59,67,72,59,88,72,50,80,69,101,84,99,74,58,82,89,66,86,80,68,71,77,69,78,77,92,95,73,77,83,85,77,81,67,76,91,83,76,82,74,77,60,84,85,76,102,82,115,82,95,91,81,84,73,70,106,100,92,54,90,86,83,77,99,94,69,77,73
