RCPs,RegName,Data_  1,Data_  2,Data_  3,Data_  4,Data_  5,Data_  6,Data_  7,Data_  8,Data_  9,Data_ 10,Data_ 11,Data_ 12,Data_ 13,Data_ 14,Data_ 15,Data_ 16,Data_ 17,Data_ 18,Data_ 19,Data_ 20,Data_ 21,Data_ 22,Data_ 23,Data_ 24,Data_ 25,Data_ 26,Data_ 27,Data_ 28,Data_ 29,Data_ 30,Data_ 31,Data_ 32,Data_ 33,Data_ 34,Data_ 35,Data_ 36,Data_ 37,Data_ 38,Data_ 39,Data_ 40,Data_ 41,Data_ 42,Data_ 43,Data_ 44,Data_ 45,Data_ 46,Data_ 47,Data_ 48,Data_ 49,Data_ 50,Data_ 51,Data_ 52,Data_ 53,Data_ 54,Data_ 55,Data_ 56,Data_ 57,Data_ 58,Data_ 59,Data_ 60,Data_ 61,Data_ 62,Data_ 63,Data_ 64,Data_ 65,Data_ 66,Data_ 67,Data_ 68,Data_ 69,Data_ 70,Data_ 71,Data_ 72,Data_ 73,Data_ 74,Data_ 75,Data_ 76,Data_ 77,Data_ 78,Data_ 79,Data_ 80,Data_ 81,Data_ 82,Data_ 83,Data_ 84,Data_ 85,Data_ 86,Data_ 87,Data_ 88,Data_ 89,Data_ 90,Data_ 91,Data_ 92,Data_ 93,Data_ 94,Data_ 95,Data_ 96,Data_ 97,Data_ 98,Data_ 99,Data_100,Data_101,Data_102,Data_103,Data_104,Data_105,Data_106,Data_107,Data_108,Data_109,Data_110,Data_111,Data_112,Data_113,Data_114,Data_115,Data_116,Data_117,Data_118,Data_119
RCP2.6,	ALGOMA,6,6,6,5.9,5.9,6,6.3,6,5.9,6.2,6.2,6,5.9,6.2,5.9,6.2,6,6.1,6,6.1,6.2,6.1,6.1,6.2,6.1,6,6,6,6.2,6.3,6.3,6.1,6.1,6.3,6.2,6.1,6.3,6.2,6,6.4,6.2,6.3,6.2,6,6.4,6.3,6.3,6.3,6.1,6.3,6.1,6.3,6.3,6.3,6.2,6.3,6.1,6.3,6.3,6.3,6.4,6.3,6.2,6.3,6.7,6.2,6.5,6.6,6.6,6.4,6.2,6.5,6.3,6.4,6.3,6.1,6.4,6.5,6.1,6.1,6.3,6.3,6.5,6.2,6.6,6.4,6.2,6.2,6.3,6.4,6.1,6.4,6,6.4,6.4,6.3,6.6,6.4,6.2,6.3,6.3,6.3,6.3,6.3,6.2,6.3,6.3,6.4,6.2,6.4,6.2,6.3,6.3,6.3,6.4,6.3,6.2,6.3,6.2
RCP2.6,	BRANT,6.7,6.9,6.9,6.6,6.7,6.7,7,6.9,7,6.9,6.8,6.8,7,6.8,6.5,6.4,6.7,7,6.8,7,6.9,6.7,6.8,7,6.9,6.6,6.9,6.8,7.1,6.7,6.9,6.8,6.8,7,7.1,7.1,7.1,7.4,6.9,6.9,7,7,6.9,6.9,7.1,7.1,7,7.4,6.9,6.9,6.9,7.3,7,6.9,7.2,7.1,7.1,7.1,6.8,7.2,7.4,6.8,6.9,6.9,7.1,7,7.2,7.3,7.3,6.9,7.1,7.3,7.1,7.1,7.2,6.9,7.2,7.2,7.2,7,7.2,7.4,7.3,6.9,7.5,7,7,7.1,7,7.2,6.9,7.1,6.8,7.3,7,7,7.3,7.3,7.3,7,6.9,7,6.7,6.9,6.9,7.4,7.4,7.1,7.3,7.1,7.1,6.9,7.2,7,7.2,7.1,7,6.8,7
RCP2.6,	BRUCE,5.8,5.9,6,5.7,5.7,5.8,5.9,6.1,6,6.1,6,6,5.8,6.1,5.7,5.8,5.8,5.9,5.9,5.9,6.1,6,5.9,6.1,6.1,5.8,5.9,5.8,6.1,6.1,6.1,5.9,5.8,6.1,6.2,6.1,6.2,6.2,6,6.2,6.2,6,6,6,6.2,6.2,6.4,6.3,6.2,6,6,6.4,6.1,6.2,6.2,6,6.2,6.1,6,6.3,6.5,6.1,6.1,6.2,6.2,6.2,6.4,6.6,6.5,6,6.1,6.2,6.1,6.2,6.3,6.1,6.2,6.3,6.1,6,6.2,6.2,6.4,6,6.6,6.1,6,6,6.2,6.3,5.9,6.4,5.8,6.2,6.3,6.1,6.4,6.3,6.2,6.1,6,6.1,6,5.9,6.1,6.4,6.5,6.1,6.3,6.3,6,6.1,6.2,6.2,6.3,6.1,6.1,6.1,6.3
RCP2.6,	COCHRANE,5.7,5.7,5.5,5.6,5.6,5.7,5.8,5.7,5.5,5.7,5.7,5.5,5.6,5.7,5.5,5.6,5.8,5.7,5.6,5.7,5.7,5.7,5.7,5.7,5.7,5.6,5.6,5.7,5.7,6,5.7,5.7,5.7,5.9,5.7,5.6,5.8,5.7,5.8,5.9,5.8,5.9,5.9,5.7,5.8,5.9,5.8,5.9,5.8,6.1,5.9,6,5.8,6,5.9,6,5.8,5.9,5.9,5.9,6,6,5.8,6,6.2,5.9,6.1,6.1,6,5.9,5.8,6,5.9,6.1,5.9,5.9,5.9,6,5.7,5.7,6,5.8,6,5.9,5.9,5.8,5.9,5.7,5.9,5.9,5.9,5.9,5.8,5.9,6,5.9,6.2,6,5.9,5.9,6,5.8,5.9,6,5.9,5.8,5.8,6,5.7,5.9,5.9,5.8,5.9,5.9,5.8,6,5.7,5.9,5.9
RCP2.6,	DUFFERIN,6.5,6.6,6.6,6.4,6.3,6.4,6.7,6.7,6.8,6.7,6.5,6.5,6.4,6.7,6.3,6.3,6.4,6.6,6.6,6.5,6.7,6.6,6.5,6.8,6.7,6.3,6.5,6.5,6.9,6.6,6.7,6.5,6.4,6.7,6.8,6.7,6.9,7,6.6,6.8,6.8,6.6,6.6,6.6,6.8,6.8,6.9,7.1,6.8,6.6,6.6,7,6.7,6.8,6.9,6.7,6.8,6.7,6.7,6.8,7.1,6.7,6.8,6.7,6.7,6.9,6.9,7.2,7.1,6.6,6.8,6.9,6.8,6.9,7,6.6,6.8,7,6.9,6.6,6.9,7,7,6.7,7.3,6.7,6.6,6.8,6.9,6.9,6.6,6.8,6.5,6.9,6.9,6.8,7.1,7,6.9,6.7,6.6,6.8,6.5,6.6,6.7,7,7.2,6.8,7,6.9,6.7,6.8,6.7,6.9,6.9,6.7,6.7,6.6,6.9
RCP2.6,	DURHAM,6.4,6.7,6.5,6.4,6.3,6.5,6.9,6.7,6.8,6.7,6.5,6.7,6.5,6.7,6.3,6.3,6.6,6.6,6.6,6.7,6.6,6.6,6.5,6.8,6.7,6.3,6.6,6.6,6.9,6.7,6.8,6.6,6.6,6.9,6.9,6.9,6.8,7,6.6,6.8,6.9,6.6,6.6,6.7,6.9,6.8,6.8,7.2,6.9,6.6,6.7,7,6.8,6.8,7,6.8,6.8,6.8,6.7,6.8,7.2,6.7,6.8,6.8,6.8,6.9,7.1,7.1,7,6.7,6.8,7,6.9,6.9,7,6.5,6.9,7,6.9,6.6,6.9,7,7,6.7,7.2,6.8,6.6,6.8,6.9,6.8,6.7,6.9,6.6,6.9,6.9,7,7.1,7,6.9,6.7,6.6,6.9,6.6,6.5,6.7,6.9,7.1,6.8,7,6.9,6.7,6.8,6.8,6.9,7,6.8,6.7,6.7,6.9
RCP2.6,	ELGIN,6.6,6.6,6.8,6.5,6.6,6.4,6.8,6.8,6.6,6.7,6.5,6.6,6.6,6.6,6.3,6.2,6.5,6.9,6.7,6.8,6.8,6.5,6.6,6.7,6.8,6.6,6.7,6.5,6.8,6.7,6.7,6.8,6.6,6.8,6.9,6.9,6.9,7.1,6.7,6.8,6.8,6.8,6.6,6.8,6.9,6.9,6.8,7.1,6.7,6.7,6.8,7.1,6.9,6.7,7,6.8,6.9,6.9,6.7,7.1,7.2,6.6,6.8,6.9,7,6.9,6.9,7.2,7,6.6,7,7.1,6.8,6.8,7,6.7,7,7,6.9,6.7,7.1,7.1,7.2,6.7,7.3,6.9,6.8,6.8,6.8,7,6.7,6.8,6.6,7,6.8,6.9,7.1,7.1,7.2,6.8,6.8,6.8,6.5,6.7,6.7,7.1,7.2,6.9,7.1,7,6.8,6.6,7,6.9,7,6.9,6.8,6.5,6.9
RCP2.6,	ESSEX,6.4,6.2,6.5,6.3,6.5,6.2,6.6,6.4,6.3,6.5,6.1,6.5,6.5,6.4,6,6,6.3,6.6,6.3,6.6,6.5,6.2,6.4,6.5,6.4,6.3,6.4,6.3,6.6,6.5,6.3,6.8,6.4,6.6,6.7,6.7,6.5,6.7,6.4,6.5,6.7,6.6,6.4,6.6,6.8,6.6,6.6,6.8,6.5,6.5,6.5,7,6.8,6.4,6.7,6.5,6.7,6.6,6.6,7,6.8,6.3,6.5,6.6,6.6,6.5,6.5,6.8,6.8,6.4,6.8,6.7,6.6,6.5,6.7,6.4,6.6,6.6,6.7,6.6,6.9,6.7,6.9,6.4,6.9,6.6,6.6,6.7,6.6,6.7,6.4,6.6,6.3,6.7,6.5,6.5,6.7,6.8,6.9,6.6,6.5,6.6,6.3,6.7,6.5,6.8,7,6.5,6.8,7,6.5,6.5,6.7,6.6,6.8,6.6,6.6,6.2,6.6
RCP2.6,	FRONTENAC,7.1,7.5,7.3,6.9,7.2,7.2,7.5,7.3,7.4,7.4,7.4,7.4,7.3,7.4,7,7,7.3,7.3,7.3,7.5,7.2,7.5,7.4,7.5,7.4,7.1,7.5,7.3,7.5,7.5,7.5,7.5,7.3,7.8,7.5,7.7,7.5,7.7,7.3,7.5,7.6,7.4,7.3,7.5,7.6,7.4,7.6,8,7.5,7.4,7.4,7.6,7.6,7.8,8,7.4,7.5,7.6,7.5,7.5,8,7.6,7.6,7.6,7.4,7.7,7.8,8,7.8,7.6,7.6,7.7,7.7,7.8,7.8,7.4,7.8,7.6,7.6,7.5,7.6,7.7,7.7,7.7,8,7.6,7.5,7.7,7.6,7.6,7.6,7.6,7.2,7.6,7.8,7.7,7.9,7.8,7.7,7.4,7.4,7.5,7.6,7.2,7.5,7.7,7.8,7.5,7.9,7.7,7.5,7.6,7.5,7.7,7.7,7.6,7.5,7.5,7.8
RCP2.6,	GREY,6.1,6.2,6.2,6,6,6.1,6.2,6.3,6.4,6.4,6.3,6.2,6,6.4,5.9,6,6,6.2,6.2,6.2,6.4,6.3,6.2,6.4,6.4,6.1,6.1,6.1,6.4,6.3,6.3,6.2,6.1,6.4,6.4,6.4,6.4,6.5,6.3,6.4,6.4,6.3,6.3,6.3,6.4,6.5,6.6,6.6,6.5,6.2,6.2,6.6,6.3,6.5,6.5,6.3,6.5,6.4,6.3,6.5,6.7,6.3,6.4,6.4,6.4,6.5,6.6,6.9,6.8,6.3,6.4,6.5,6.4,6.5,6.6,6.3,6.4,6.6,6.4,6.2,6.5,6.6,6.6,6.3,6.8,6.3,6.2,6.3,6.5,6.5,6.2,6.6,6.1,6.5,6.5,6.4,6.8,6.6,6.5,6.4,6.3,6.4,6.2,6.2,6.3,6.7,6.8,6.4,6.6,6.6,6.3,6.4,6.4,6.5,6.5,6.3,6.4,6.4,6.6
RCP2.6,	HALDIMAND-NORFOLK,6.4,6.7,6.6,6.4,6.4,6.4,6.8,6.6,6.6,6.6,6.5,6.6,6.8,6.6,6.4,6.1,6.4,6.7,6.6,6.8,6.7,6.5,6.5,6.7,6.7,6.5,6.7,6.5,6.8,6.5,6.6,6.6,6.6,6.8,6.9,6.9,6.7,7.1,6.6,6.6,6.8,6.8,6.6,6.8,6.9,6.8,6.7,7.1,6.7,6.6,6.7,7,6.9,6.7,6.9,6.8,6.9,6.8,6.6,7,7.1,6.6,6.8,6.8,6.9,6.8,6.9,7.1,7,6.6,6.9,7.1,6.9,6.8,6.9,6.7,7,6.9,7,6.7,7,7.2,7.1,6.7,7.3,6.8,6.7,6.9,6.8,7,6.6,6.8,6.5,7,6.8,6.8,7.1,7.1,7.1,6.7,6.6,6.8,6.4,6.6,6.6,7.1,7.1,6.9,7,6.9,6.8,6.6,7,6.8,7,7,6.7,6.6,6.8
RCP2.6,	HALIBURTON,6.6,6.8,6.7,6.3,6.4,6.5,6.8,6.8,6.9,6.8,6.7,6.7,6.5,6.9,6.5,6.5,6.6,6.7,6.6,6.7,6.8,6.9,6.6,7,6.8,6.5,6.6,6.7,6.9,6.9,6.9,6.9,6.6,7.1,6.8,7,6.9,7,6.7,6.9,7,6.7,6.9,6.8,6.9,6.8,7.2,7.2,6.9,6.7,6.7,7.2,6.8,7.1,7.2,6.8,6.9,6.8,6.9,6.9,7.3,6.9,7,6.9,6.9,7,7.3,7.3,7.2,6.9,6.8,7.2,6.9,6.9,7.2,6.7,7.1,7,6.9,6.7,6.9,7.1,7.1,7,7.2,6.9,6.6,6.8,7,6.9,6.9,7,6.6,7,7.2,7,7.3,7.1,7,6.8,6.7,7,6.9,6.5,6.8,7.2,7.1,6.7,7.2,7,6.8,7,6.8,6.9,7,6.8,6.8,6.8,7.2
RCP2.6,	HALTON,6.5,6.7,6.7,6.5,6.4,6.5,6.9,6.7,6.9,6.7,6.6,6.6,6.7,6.6,6.3,6.2,6.5,6.7,6.6,6.7,6.7,6.6,6.6,6.8,6.8,6.4,6.7,6.5,7,6.6,6.8,6.6,6.7,6.8,6.9,6.9,6.9,7.2,6.7,6.8,6.8,6.7,6.6,6.8,6.9,6.9,6.8,7.2,6.9,6.7,6.7,7.1,6.7,6.6,7,6.8,6.9,6.9,6.7,7,7.2,6.7,6.8,6.7,6.8,6.9,7,7.1,7.2,6.7,6.9,7.2,6.9,6.9,7.1,6.7,7,7,7,6.8,7,7.2,7,6.7,7.3,6.8,6.7,6.9,6.9,7,6.7,6.9,6.6,7,6.9,7,7.1,7.1,7.1,6.9,6.6,6.9,6.5,6.6,6.7,7.1,7.3,7,7.2,6.9,6.8,6.7,6.8,6.9,7,7,6.8,6.7,6.9
RCP2.6,	HAMILTON-WENTWORTH,6.6,6.8,6.8,6.5,6.6,6.6,7,6.8,6.9,6.8,6.7,6.7,6.9,6.7,6.5,6.3,6.6,6.8,6.7,6.9,6.8,6.6,6.7,6.9,6.8,6.5,6.8,6.7,7,6.6,6.8,6.7,6.8,6.9,7,7.1,7,7.3,6.8,6.9,7,6.8,6.8,6.9,7,7,6.9,7.3,6.8,6.8,6.8,7.2,6.9,6.8,7.1,7,7,7,6.8,7.1,7.3,6.8,6.9,6.8,7,7,7.1,7.2,7.3,6.8,7,7.3,7,7,7.2,6.8,7.1,7.1,7.1,6.9,7,7.3,7.2,6.8,7.4,6.9,6.9,7.1,7,7.1,6.8,7,6.7,7.1,6.9,7,7.2,7.2,7.2,6.9,6.7,6.9,6.6,6.7,6.8,7.3,7.3,7.1,7.3,7,7,6.8,7,7,7.1,7,6.9,6.8,6.9
RCP2.6,	HASTINGS,7,7.4,7.1,6.8,6.9,7,7.4,7.2,7.3,7.3,7.2,7.2,7.1,7.3,6.8,6.9,7.1,7.2,7.1,7.3,7.1,7.3,7.2,7.4,7.2,6.9,7.2,7.2,7.3,7.4,7.4,7.3,7.2,7.6,7.3,7.5,7.4,7.5,7.2,7.4,7.5,7.3,7.3,7.3,7.4,7.3,7.5,7.8,7.3,7.2,7.2,7.5,7.4,7.6,7.7,7.3,7.4,7.4,7.3,7.3,7.9,7.4,7.4,7.4,7.3,7.6,7.7,7.8,7.7,7.4,7.4,7.6,7.5,7.5,7.7,7.1,7.6,7.5,7.4,7.2,7.5,7.5,7.6,7.5,7.8,7.4,7.2,7.4,7.5,7.4,7.4,7.4,7.1,7.4,7.6,7.5,7.7,7.6,7.5,7.3,7.2,7.4,7.4,7,7.3,7.6,7.6,7.3,7.7,7.5,7.3,7.4,7.3,7.5,7.5,7.3,7.3,7.3,7.6
RCP2.6,	HURON,6.1,6.2,6.3,6.2,6.2,6.2,6.3,6.4,6.3,6.4,6.3,6.3,6.2,6.4,6,6,6.1,6.4,6.3,6.4,6.5,6.2,6.3,6.4,6.4,6.2,6.2,6.2,6.5,6.3,6.3,6.3,6.2,6.5,6.6,6.4,6.6,6.6,6.4,6.4,6.5,6.4,6.3,6.3,6.5,6.6,6.6,6.7,6.5,6.4,6.3,6.8,6.4,6.4,6.6,6.3,6.5,6.5,6.3,6.6,6.9,6.3,6.4,6.6,6.4,6.6,6.6,6.8,6.8,6.3,6.5,6.7,6.4,6.5,6.6,6.4,6.4,6.7,6.5,6.4,6.6,6.6,6.7,6.3,7,6.4,6.3,6.3,6.5,6.7,6.4,6.7,6.2,6.5,6.5,6.5,6.8,6.6,6.7,6.5,6.4,6.5,6.2,6.3,6.4,6.7,6.9,6.5,6.6,6.6,6.4,6.4,6.5,6.6,6.7,6.4,6.5,6.3,6.6
RCP2.6,	Island-county-stat,6,6,6.1,5.9,5.8,6,6.3,6.1,6,6.2,6.2,6.1,6,6.2,5.9,6,6,6,6,6.1,6.3,6.1,6.1,6.3,6.1,6,6,6,6.2,6.3,6.3,6.1,6.1,6.3,6.2,6.3,6.2,6.2,6,6.3,6.3,6.3,6.2,6.2,6.3,6.3,6.3,6.3,6.2,6.4,6,6.4,6.3,6.3,6.3,6.2,6.2,6.3,6.2,6.3,6.5,6.2,6.3,6.3,6.6,6.3,6.4,6.6,6.5,6.3,6.2,6.4,6.3,6.3,6.4,6,6.4,6.5,6.1,6.1,6.3,6.4,6.5,6.2,6.5,6.4,6.2,6.2,6.4,6.4,6.2,6.4,6,6.4,6.4,6.2,6.5,6.5,6.3,6.1,6.2,6.4,6.3,6.2,6.2,6.4,6.4,6.3,6.3,6.5,6.2,6.3,6.3,6.3,6.5,6.2,6.3,6.3,6.3
RCP2.6,	KENORA,5.5,5.3,5.3,5.2,5.3,5.4,5.5,5.4,5.3,5.5,5.5,5.1,5.4,5.3,5.3,5.4,5.5,5.4,5.5,5.3,5.4,5.4,5.4,5.3,5.5,5.4,5.4,5.7,5.4,5.6,5.3,5.3,5.5,5.6,5.4,5.5,5.5,5.4,5.5,5.6,5.5,5.6,5.6,5.6,5.5,5.5,5.6,5.5,5.5,5.8,5.6,5.6,5.6,5.5,5.7,5.7,5.4,5.8,5.6,5.6,5.6,5.6,5.5,5.7,5.7,5.7,5.6,5.7,5.6,5.6,5.6,5.6,5.6,5.7,5.6,5.6,5.6,5.7,5.6,5.4,5.6,5.5,5.7,5.6,5.6,5.6,5.8,5.6,5.7,5.6,5.8,5.6,5.5,5.7,5.6,5.5,5.9,5.8,5.5,5.5,5.6,5.6,5.5,5.6,5.4,5.4,5.5,5.6,5.4,5.6,5.5,5.6,5.6,5.5,5.5,5.5,5.5,5.7,5.6
RCP2.6,	KENT,6.6,6.5,6.9,6.6,6.7,6.5,6.9,6.8,6.6,6.8,6.5,6.9,6.7,6.7,6.3,6.2,6.6,7,6.7,6.8,6.9,6.5,6.7,6.8,6.8,6.6,6.8,6.6,6.9,6.8,6.7,7,6.6,6.8,7,6.9,6.9,7,6.7,6.8,7,6.9,6.6,6.9,7,6.9,6.9,7.1,6.8,6.8,6.9,7.3,7.1,6.7,7,6.8,6.9,7,6.9,7.2,7.2,6.6,6.9,7,7,6.9,6.8,7.3,7,6.7,7.1,7.1,6.8,6.8,7,6.7,6.9,7,6.9,6.8,7.2,7.1,7.2,6.7,7.2,6.9,6.9,6.9,6.9,7.1,6.7,6.9,6.6,7,6.8,6.8,7,7.2,7.1,6.8,6.9,6.9,6.6,6.8,6.8,7.1,7.4,7,7.1,7.2,6.9,6.7,7,6.9,7.1,7,6.9,6.5,7
RCP2.6,	LAMBTON,6.4,6.4,6.7,6.5,6.5,6.3,6.7,6.8,6.5,6.7,6.4,6.6,6.5,6.5,6.3,6.1,6.5,6.8,6.6,6.6,6.7,6.4,6.6,6.6,6.6,6.5,6.6,6.4,6.8,6.6,6.6,6.8,6.4,6.6,6.8,6.7,6.8,6.8,6.6,6.7,6.9,6.6,6.4,6.6,6.9,6.8,6.8,6.9,6.7,6.6,6.6,7.1,6.8,6.5,6.9,6.6,6.8,6.8,6.6,7,7.1,6.4,6.7,6.8,6.8,6.8,6.7,7.1,7,6.6,6.9,6.9,6.7,6.7,6.9,6.6,6.7,6.9,6.7,6.6,7,6.9,7,6.5,7.2,6.8,6.7,6.7,6.8,6.9,6.6,6.8,6.5,6.8,6.6,6.7,6.9,6.9,7,6.7,6.8,6.8,6.5,6.6,6.7,7,7.2,6.8,6.9,7,6.6,6.5,6.8,6.8,7,6.8,6.8,6.4,6.8
RCP2.6,	LANARK,6.8,7.1,7,6.7,6.9,6.9,7.2,6.9,7.1,7.1,7,7.1,7,7.1,6.8,6.8,7,7.1,7,7.1,7,7.3,7.1,7.3,7.2,6.8,7.2,7.1,7.2,7.4,7.3,7.3,7,7.6,7.1,7.4,7.3,7.4,6.9,7.2,7.3,7.1,7.1,7.2,7.4,7.1,7.4,7.6,7.2,7.2,7.1,7.3,7.2,7.5,7.6,7.1,7.2,7.3,7.2,7.2,7.6,7.3,7.3,7.3,7.2,7.4,7.5,7.6,7.5,7.4,7.3,7.4,7.5,7.4,7.4,7.2,7.4,7.3,7.2,7.2,7.4,7.4,7.5,7.5,7.7,7.3,7.2,7.4,7.3,7.3,7.4,7.3,7,7.3,7.6,7.4,7.6,7.5,7.4,7.1,7.1,7.3,7.4,6.8,7.3,7.5,7.5,7.2,7.5,7.4,7.2,7.3,7.2,7.4,7.4,7.3,7.3,7.2,7.4
RCP2.6,	LEEDSandGRENVILLE,6.9,7.3,7.1,6.8,7.1,7,7.3,7,7.2,7.2,7.1,7.2,7.1,7.3,6.9,6.9,7.1,7.1,7.1,7.2,7.1,7.3,7.2,7.4,7.3,6.9,7.3,7.2,7.4,7.4,7.3,7.3,7.2,7.6,7.3,7.6,7.3,7.5,7,7.3,7.3,7.2,7.2,7.3,7.4,7.2,7.4,7.8,7.3,7.3,7.2,7.3,7.3,7.6,7.7,7.1,7.3,7.4,7.3,7.3,7.8,7.4,7.4,7.4,7.2,7.4,7.6,7.7,7.5,7.4,7.4,7.4,7.6,7.6,7.6,7.2,7.5,7.4,7.3,7.3,7.5,7.5,7.6,7.5,7.8,7.5,7.4,7.4,7.4,7.4,7.4,7.4,7.1,7.4,7.7,7.5,7.7,7.6,7.4,7.2,7.2,7.3,7.4,7,7.4,7.6,7.5,7.3,7.6,7.4,7.3,7.4,7.3,7.5,7.5,7.4,7.4,7.3,7.5
RCP2.6,	LENNOXandADDINGTON,7,7.4,7.2,6.9,7,7.1,7.4,7.2,7.3,7.3,7.3,7.3,7.2,7.3,6.9,6.9,7.2,7.2,7.2,7.4,7.1,7.4,7.3,7.4,7.3,7,7.3,7.2,7.4,7.4,7.4,7.4,7.2,7.7,7.4,7.6,7.4,7.6,7.2,7.5,7.6,7.3,7.3,7.4,7.5,7.3,7.5,7.9,7.3,7.3,7.3,7.5,7.5,7.7,7.8,7.3,7.4,7.5,7.4,7.4,7.9,7.5,7.5,7.5,7.4,7.6,7.7,7.9,7.8,7.5,7.5,7.6,7.6,7.6,7.7,7.2,7.7,7.5,7.5,7.3,7.5,7.6,7.6,7.6,7.9,7.5,7.4,7.5,7.5,7.5,7.5,7.5,7.1,7.5,7.6,7.6,7.8,7.7,7.6,7.3,7.2,7.5,7.4,7.1,7.4,7.6,7.7,7.4,7.8,7.6,7.3,7.5,7.4,7.6,7.6,7.5,7.4,7.4,7.7
RCP2.6,	MANITOULIN,5.8,5.6,5.9,5.6,5.4,5.6,6.1,5.9,5.8,5.9,6,5.9,5.5,5.9,5.6,5.8,5.7,5.5,5.7,6,6.2,5.9,5.7,6.1,5.9,5.7,5.7,5.7,5.8,5.9,6.2,5.9,5.7,6,5.9,6,5.9,5.9,5.8,6.1,6,5.9,5.9,5.9,6,6,6.2,6,6.1,6,5.7,6.1,6.1,6.1,5.9,5.9,5.9,5.9,5.9,6.1,6.3,6,6.1,6.1,6.3,6.1,6.2,6.4,6.2,5.9,6,6.1,6,5.9,6.1,5.7,6.1,6.1,5.8,5.9,6,6.2,6.4,6,6.3,6.1,5.8,5.9,6,6.2,5.8,6.2,5.7,6.1,6.1,6,6.2,6.2,5.9,5.9,6,6.2,5.9,5.8,5.9,6.2,6.2,5.9,6.1,6.2,5.9,6.1,6.1,6,6.2,5.9,6,6,6
RCP2.6,METROPOLITAN-TORONTO,6.4,6.7,6.6,6.4,6.4,6.4,6.8,6.6,6.8,6.7,6.5,6.6,6.6,6.6,6.3,6.2,6.6,6.6,6.6,6.6,6.6,6.5,6.5,6.7,6.7,6.2,6.6,6.5,6.8,6.6,6.8,6.5,6.7,6.8,6.8,6.9,6.8,7.1,6.6,6.7,6.9,6.6,6.6,6.7,6.9,6.8,6.7,7.1,6.8,6.7,6.6,6.9,6.8,6.7,7,6.8,6.8,6.9,6.6,6.9,7.1,6.7,6.8,6.7,6.7,6.9,6.9,7.1,7,6.6,6.8,7.1,6.9,6.9,6.9,6.6,6.9,7,6.9,6.7,6.9,7.1,6.9,6.6,7.3,6.8,6.6,6.9,6.8,6.8,6.7,6.8,6.6,7,6.9,6.9,7.1,7,7,6.8,6.5,6.8,6.5,6.5,6.6,7,7.2,6.8,7,6.9,6.7,6.7,6.8,6.9,6.9,6.9,6.8,6.7,6.8
RCP2.6,	MIDDLESEX,6.6,6.6,6.9,6.6,6.6,6.5,6.8,6.9,6.7,6.8,6.7,6.7,6.7,6.7,6.4,6.3,6.6,6.9,6.7,6.8,6.9,6.6,6.8,6.8,6.9,6.6,6.7,6.6,6.9,6.7,6.8,6.8,6.6,6.8,7,6.9,7,7.1,6.8,6.8,6.9,6.8,6.7,6.8,6.9,7,6.9,7.1,6.9,6.8,6.8,7.2,6.9,6.7,7.1,6.9,7,6.9,6.7,7.1,7.3,6.6,6.8,6.9,7,7,7,7.2,7.1,6.8,7,7.1,6.9,6.9,7,6.8,6.9,7.1,7,6.8,7.1,7.1,7.2,6.7,7.4,7,6.8,6.8,6.9,7,6.8,6.9,6.7,7,6.8,6.9,7.1,7.2,7.2,6.9,6.9,6.8,6.6,6.8,6.8,7.2,7.3,7,7.1,7.1,6.8,6.7,7,7,7.1,6.9,6.9,6.6,7
RCP2.6,	MUSKOKA,6.4,6.4,6.4,6.1,6.1,6.2,6.6,6.5,6.6,6.6,6.5,6.5,6.2,6.6,6.1,6.3,6.3,6.4,6.3,6.3,6.6,6.5,6.3,6.6,6.5,6.3,6.3,6.4,6.6,6.7,6.6,6.6,6.3,6.7,6.5,6.7,6.5,6.6,6.3,6.7,6.7,6.4,6.5,6.5,6.7,6.6,6.9,6.8,6.6,6.4,6.4,6.9,6.5,6.7,6.8,6.5,6.6,6.5,6.6,6.6,7,6.6,6.7,6.6,6.7,6.7,7,7.1,6.9,6.6,6.5,6.9,6.7,6.6,6.9,6.4,6.7,6.8,6.6,6.4,6.6,6.8,6.9,6.6,6.9,6.6,6.3,6.5,6.7,6.6,6.5,6.8,6.3,6.7,6.9,6.7,7,6.8,6.7,6.5,6.4,6.7,6.5,6.3,6.5,6.9,6.9,6.4,6.8,6.8,6.5,6.7,6.6,6.6,6.7,6.4,6.5,6.5,6.8
RCP2.6,	NIAGARA,6.3,6.7,6.4,6.3,6.3,6.4,6.6,6.5,6.6,6.5,6.5,6.6,6.6,6.5,6.4,6.1,6.4,6.6,6.5,6.6,6.6,6.5,6.5,6.7,6.6,6.4,6.7,6.4,6.8,6.4,6.6,6.4,6.5,6.7,6.8,6.9,6.6,7,6.5,6.6,6.8,6.7,6.5,6.7,6.8,6.7,6.6,7,6.6,6.5,6.7,6.9,6.8,6.6,6.9,6.7,6.7,6.8,6.6,6.8,7,6.6,6.7,6.7,6.7,6.7,6.8,7.1,6.9,6.5,6.8,6.9,6.8,6.8,6.9,6.6,6.9,6.8,6.8,6.7,6.8,7.1,7,6.5,7.2,6.7,6.6,6.9,6.8,7,6.5,6.7,6.4,7,6.7,6.8,7,6.9,6.8,6.6,6.6,6.7,6.3,6.6,6.5,6.9,7,6.9,7,6.8,6.7,6.6,6.8,6.7,6.9,7,6.6,6.5,6.7
RCP2.6,	NIPISSING,6.1,6.1,6.3,6,6,6,6.4,6.3,6.3,6.4,6.4,6.3,6,6.5,6.1,6.2,6.2,6.1,6.1,6.2,6.5,6.3,6.3,6.4,6.3,6.1,6.1,6.2,6.3,6.5,6.6,6.5,6.2,6.6,6.3,6.4,6.4,6.3,6.3,6.6,6.6,6.3,6.4,6.3,6.4,6.4,6.7,6.6,6.3,6.3,6.1,6.7,6.4,6.6,6.6,6.3,6.4,6.4,6.4,6.5,6.7,6.4,6.7,6.4,6.6,6.6,6.7,6.8,6.8,6.5,6.4,6.6,6.5,6.4,6.7,6.2,6.7,6.5,6.3,6.2,6.4,6.7,6.8,6.6,6.8,6.5,6.2,6.3,6.6,6.5,6.3,6.6,6.2,6.5,6.7,6.5,6.8,6.6,6.4,6.3,6.4,6.5,6.4,6.1,6.3,6.7,6.6,6.3,6.6,6.6,6.4,6.6,6.5,6.4,6.5,6.4,6.4,6.4,6.6
RCP2.6,	NORTHUMBERLAND,6.6,6.9,6.7,6.5,6.5,6.6,7.1,6.8,6.9,6.9,6.8,6.9,6.6,6.8,6.5,6.4,6.7,6.8,6.7,7,6.7,6.9,6.8,7,6.8,6.5,6.8,6.8,7,6.9,6.9,6.9,6.9,7.2,7,7.1,6.9,7.1,6.8,6.9,7.2,6.8,6.8,6.9,7,7,7,7.3,7,6.8,6.8,7,7,7.1,7.3,6.9,6.9,7.1,7,7,7.4,7,7,7,6.9,7.2,7.2,7.3,7.3,6.9,7,7.2,7.1,7.1,7.2,6.7,7.2,7.1,7,6.8,7.1,7.1,7.1,7,7.4,7,6.8,7.1,7,7,6.9,7,6.7,7,7.2,7.1,7.3,7.1,7.1,6.9,6.8,7,6.8,6.7,6.9,7.1,7.2,6.9,7.3,7,6.9,7,6.9,7.1,7.1,7.1,6.9,7,7.1
RCP2.6,	OTTAWA-CARLTON,6.5,6.8,6.9,6.5,6.7,6.7,7,6.7,6.8,7,6.8,6.9,6.8,7,6.5,6.6,6.8,6.9,6.8,6.9,6.8,7,7,7.1,7,6.6,7,6.9,7,7.2,7.1,7.1,6.8,7.4,6.9,7.2,7.1,7.1,6.7,7.1,7.1,6.8,7,7,7.2,6.8,7.2,7.4,7,7,6.8,7,7,7.3,7.4,6.9,7,7.1,7,6.9,7.4,7.2,7.1,7.1,7,7.1,7.2,7.3,7.3,7.2,7.1,7.1,7.3,7.2,7.2,6.9,7.2,7.1,6.9,7,7.2,7.1,7.3,7.3,7.5,7.1,7,7.1,7.1,7,7.2,7.2,6.9,7.2,7.4,7.1,7.4,7.2,7.2,6.9,6.9,7,7.2,6.7,7.1,7.3,7.2,6.9,7.3,7.2,7.1,7.2,7,7.2,7.2,7.1,7.1,7,7.1
RCP2.6,	OXFORD,6.7,6.8,6.9,6.7,6.7,6.7,7,7,6.9,6.9,6.9,6.7,6.9,6.8,6.5,6.4,6.7,7,6.8,7,7,6.8,6.9,7,7,6.7,6.9,6.8,7.1,6.8,6.9,6.9,6.8,7,7.1,7.1,7.1,7.3,6.9,6.9,7,6.9,6.9,6.9,7.1,7.1,7,7.4,7,6.9,6.9,7.3,7,6.9,7.2,7,7.2,7.1,6.9,7.3,7.4,6.8,7,7,7.1,7,7.1,7.3,7.3,6.8,7.2,7.3,7,7,7.2,6.9,7.2,7.2,7.2,6.9,7.2,7.3,7.3,6.9,7.6,7,7,7,7,7.2,7,7.1,6.8,7.2,7,7.1,7.3,7.4,7.4,7.1,6.9,7,6.7,6.9,6.9,7.4,7.5,7.2,7.3,7.1,7,6.9,7.2,7.1,7.2,7.1,7,6.8,7.1
RCP2.6,	PARRY-SOUND,6.3,6.1,6.4,6,6,6.1,6.5,6.4,6.4,6.5,6.5,6.4,6.1,6.6,6.1,6.3,6.2,6.2,6.2,6.3,6.6,6.4,6.3,6.5,6.4,6.2,6.2,6.3,6.4,6.6,6.6,6.5,6.3,6.6,6.4,6.6,6.4,6.4,6.3,6.6,6.7,6.3,6.5,6.5,6.5,6.5,6.8,6.7,6.5,6.4,6.2,6.8,6.4,6.6,6.6,6.4,6.6,6.4,6.5,6.6,6.8,6.5,6.7,6.5,6.6,6.6,6.8,6.9,6.9,6.6,6.5,6.7,6.5,6.4,6.8,6.3,6.7,6.6,6.5,6.3,6.5,6.7,6.8,6.5,6.8,6.5,6.2,6.4,6.6,6.5,6.4,6.7,6.3,6.6,6.8,6.6,6.8,6.7,6.5,6.4,6.4,6.6,6.5,6.2,6.4,6.9,6.7,6.3,6.7,6.7,6.5,6.7,6.6,6.5,6.6,6.4,6.4,6.4,6.7
RCP2.6,	PEEL,6.5,6.7,6.7,6.5,6.4,6.5,6.9,6.8,6.9,6.7,6.6,6.7,6.6,6.7,6.4,6.3,6.6,6.7,6.7,6.7,6.8,6.6,6.6,6.8,6.8,6.4,6.7,6.6,7,6.7,6.9,6.6,6.7,6.8,6.9,6.9,6.9,7.2,6.7,6.8,6.9,6.8,6.7,6.7,7,6.9,6.9,7.2,7,6.7,6.7,7.1,6.8,6.7,7.1,6.9,6.9,6.9,6.8,7,7.2,6.8,6.9,6.8,6.8,7,7.1,7.3,7.1,6.7,6.9,7.2,6.9,7,7.1,6.7,7,7.1,7,6.8,7,7.2,7,6.7,7.4,6.9,6.7,6.9,6.9,7,6.8,6.9,6.6,7.1,6.9,7,7.2,7.1,7,6.9,6.6,7,6.6,6.7,6.8,7.1,7.3,7,7.2,7,6.8,6.8,6.9,7,7,6.9,6.8,6.8,7
RCP2.6,	PERTH,6.4,6.4,6.6,6.4,6.5,6.5,6.6,6.7,6.6,6.7,6.6,6.5,6.5,6.7,6.3,6.3,6.5,6.7,6.6,6.6,6.7,6.5,6.6,6.7,6.8,6.5,6.5,6.5,6.8,6.6,6.6,6.6,6.5,6.7,6.9,6.7,6.9,6.9,6.6,6.7,6.8,6.6,6.6,6.6,6.7,6.9,6.9,7,6.8,6.6,6.6,7.1,6.7,6.6,6.9,6.6,6.8,6.8,6.6,6.9,7.2,6.6,6.7,6.8,6.7,6.8,6.9,7.1,7,6.6,6.8,7,6.7,6.8,6.9,6.7,6.8,6.9,6.8,6.7,6.9,7,7,6.7,7.3,6.8,6.6,6.7,6.8,6.9,6.7,6.9,6.5,6.9,6.8,6.8,7.1,7,7,6.8,6.6,6.8,6.5,6.6,6.7,7.1,7.2,6.8,6.9,6.9,6.6,6.7,6.8,6.9,6.9,6.7,6.8,6.6,6.8
RCP2.6,	PETERBOROUGH,6.9,7.2,7,6.7,6.8,6.8,7.3,7.1,7.3,7.2,7,7.1,6.9,7.1,6.7,6.7,7,7.1,7,7.1,7.1,7.2,7,7.3,7.1,6.8,7.1,7.1,7.2,7.2,7.2,7.1,7.1,7.5,7.2,7.3,7.2,7.4,7,7.2,7.4,7.1,7.2,7.1,7.2,7.2,7.3,7.6,7.3,7,7.1,7.4,7.2,7.4,7.6,7.2,7.3,7.2,7.2,7.2,7.8,7.3,7.3,7.3,7.2,7.4,7.6,7.7,7.5,7.2,7.2,7.5,7.3,7.3,7.5,7,7.5,7.4,7.4,7,7.3,7.4,7.4,7.3,7.6,7.2,7,7.2,7.3,7.3,7.2,7.3,7,7.3,7.5,7.4,7.6,7.4,7.4,7.2,7,7.3,7.2,6.9,7.2,7.5,7.5,7.2,7.6,7.3,7.2,7.3,7.1,7.3,7.4,7.2,7.1,7.2,7.4
RCP2.6,	PRESCOTTandRUSSELL,6.4,6.7,6.7,6.4,6.6,6.5,6.9,6.6,6.7,6.8,6.7,6.7,6.7,6.8,6.4,6.6,6.7,6.7,6.7,6.7,6.7,6.9,6.9,7,6.9,6.5,6.9,6.8,6.9,7.1,7,7,6.7,7.3,6.8,7,7,7,6.5,7,6.9,6.7,6.8,6.9,7.2,6.7,7.1,7.4,6.9,6.9,6.8,6.9,6.8,7.1,7.2,6.8,6.9,7,6.9,6.8,7.3,7.2,7.2,7,6.9,7,7.1,7.2,7.1,7.1,7,7,7.2,7,7.1,6.8,7.1,7,6.7,6.9,7.1,7,7.2,7.2,7.3,7,6.9,6.9,7.1,7,7,7,6.9,7.1,7.3,6.9,7.2,7.1,7,6.7,6.9,7,7.2,6.6,7,7.2,7,6.8,7.2,7.1,7,7.1,6.9,7.2,7,7,7,6.9,7.1
RCP2.6,PRINCE-EDWARD,6.6,7,6.7,6.4,6.5,6.7,7.1,6.7,6.8,6.8,6.7,6.8,6.7,6.8,6.5,6.3,6.6,6.8,6.7,7,6.6,6.9,6.8,6.9,6.7,6.4,6.8,6.7,6.9,6.9,6.9,6.8,6.8,7.2,7,7.1,6.9,7.1,6.7,6.9,7,6.7,6.6,7,7,7,6.9,7.4,6.8,6.8,6.8,6.9,7.1,7.1,7.2,6.8,6.8,7.1,6.8,6.9,7.4,7,6.9,7,6.7,7.1,7.1,7.3,7.2,6.8,6.9,7.2,7.1,7.2,7.2,6.6,7.1,7.1,7,6.8,7.1,7.1,7.1,7,7.4,7,6.9,7.1,7,6.9,6.8,6.9,6.6,7,7,7,7.3,7.1,7.1,6.7,6.7,6.9,6.7,6.6,6.9,7.1,7.2,7,7.3,7,6.8,6.9,6.8,7,7,7,6.8,6.9,7.1
RCP2.6,	RAINY-RIVER,5.8,5.8,5.7,5.7,5.8,6,6,5.8,5.9,5.9,6.1,5.7,5.9,5.9,5.8,6,6,5.8,6,6,6,5.9,6,6.3,6,6,5.8,5.9,6.1,6,6,5.6,6.1,6.1,5.9,6.1,5.9,6,5.7,6.2,6.1,6.5,6.3,5.9,6.3,6.1,6.1,6,6,6.6,6,6.2,6.1,5.9,6.1,6.3,6,6,6,6.2,6.3,5.8,6.1,6.2,6.6,6.4,6.1,6.5,6.1,6.1,6.2,6.5,6.1,6.2,6.5,6,6.2,6.6,6,5.8,6.2,6.2,6.4,5.9,6.3,6.2,6.3,6.1,6.3,6.1,6.3,5.9,5.8,6.4,6.3,5.9,6.5,6.4,6,5.9,5.9,6.1,6.4,6.4,6,6,6,6.2,5.9,6.3,6.1,6.1,5.9,6.3,6.4,6,6.3,6.1,6.1
RCP2.6,	RENFREW,6.5,6.6,6.7,6.3,6.5,6.5,6.7,6.7,6.7,6.7,6.7,6.6,6.6,6.7,6.4,6.5,6.6,6.6,6.6,6.7,6.7,6.8,6.7,6.8,6.7,6.5,6.7,6.7,6.8,6.9,7,6.8,6.6,7.1,6.7,6.9,6.9,6.9,6.6,6.9,7,6.7,6.8,6.8,6.9,6.7,7.1,7.1,6.8,6.7,6.6,7.1,6.7,7.1,7.1,6.8,6.8,6.9,6.8,6.8,7.2,6.9,7,6.8,6.9,7,7.1,7.1,7.1,7,6.9,7,7,6.9,7.1,6.7,7.1,6.8,6.8,6.7,6.9,7,7.1,7,7.2,6.8,6.7,6.8,6.9,6.8,6.9,6.9,6.6,6.9,7.1,7,7.1,7,6.9,6.7,6.7,6.9,7,6.4,6.7,7,7,6.7,7.1,7,6.8,7,6.8,7,6.9,6.9,6.8,6.8,7
RCP2.6,	SIMCOE,6.4,6.5,6.4,6.2,6.2,6.4,6.6,6.6,6.7,6.6,6.4,6.5,6.3,6.6,6.2,6.3,6.4,6.5,6.5,6.4,6.6,6.6,6.4,6.7,6.6,6.3,6.4,6.4,6.7,6.6,6.6,6.5,6.4,6.7,6.7,6.7,6.7,6.8,6.5,6.7,6.7,6.5,6.6,6.5,6.7,6.7,6.8,7,6.8,6.5,6.5,6.9,6.6,6.7,6.9,6.6,6.7,6.7,6.6,6.7,7,6.6,6.7,6.7,6.7,6.8,6.9,7.1,7,6.6,6.6,6.9,6.7,6.7,6.9,6.5,6.7,6.9,6.7,6.5,6.7,6.9,6.9,6.6,7,6.6,6.4,6.6,6.8,6.7,6.6,6.8,6.4,6.8,6.8,6.8,7.1,6.9,6.7,6.6,6.5,6.8,6.5,6.4,6.6,6.9,7,6.6,6.9,6.8,6.6,6.7,6.6,6.8,6.8,6.5,6.6,6.6,6.9
RCP2.6,	STORMONT-DUNDASandGL,6.4,6.8,6.7,6.4,6.6,6.5,6.8,6.6,6.7,6.8,6.7,6.7,6.7,6.9,6.4,6.5,6.7,6.7,6.7,6.7,6.7,6.9,6.9,6.9,6.9,6.5,6.9,6.8,6.9,7.1,6.9,6.9,6.8,7.2,6.7,7,6.9,6.9,6.5,6.9,6.9,6.7,6.8,6.9,7.1,6.7,7,7.4,6.9,6.8,6.8,6.8,6.8,7.1,7.2,6.7,6.9,7,6.9,6.8,7.2,7.1,7.1,7,6.8,6.9,7,7.2,7.1,7,6.9,7,7.1,7,7.1,6.8,7.1,7,6.7,6.9,7.1,6.9,7.2,7.1,7.3,7,6.9,6.9,7,6.9,6.9,7,6.8,7.1,7.3,6.9,7.2,7.1,7,6.7,6.8,7,7.1,6.5,7,7.2,7,6.8,7.1,7,7,7.1,6.9,7.1,7,7,7,6.9,7.1
RCP2.6,	SUDBURY,5.9,5.8,6,5.8,5.7,5.9,6.2,5.9,5.8,6.1,6.1,5.9,5.8,6.1,5.8,6,5.9,5.8,5.8,5.9,6.1,6,5.9,6,6,5.9,5.8,5.9,6,6.1,6.2,6.1,5.9,6.1,6,6,6.1,6.1,5.9,6.2,6.1,6,6,5.9,6.2,6.1,6.2,6.2,6,6.1,5.8,6.2,6.2,6.2,6,6.1,6,6.1,6.1,6.2,6.3,6.1,6.1,6.1,6.4,6.1,6.3,6.5,6.5,6.2,6,6.2,6.1,6.1,6.2,5.8,6.3,6.3,6,5.9,6.2,6.2,6.4,6.2,6.4,6.3,5.9,6,6.3,6.2,5.9,6.4,5.9,6.2,6.2,6.2,6.4,6.3,6.1,6.1,6.2,6.1,6.2,6,6,6.2,6.2,6.1,6.1,6.2,6.1,6.2,6.2,6.2,6.2,6.1,6,6,6.2
RCP2.6,	SUDBURY-REGION,6.2,6.2,6.5,6.1,6,6.2,6.7,6.3,6.4,6.6,6.6,6.3,6.2,6.5,6.2,6.4,6.3,6.1,6.2,6.4,6.8,6.4,6.3,6.5,6.4,6.2,6.2,6.3,6.3,6.6,6.8,6.5,6.3,6.6,6.4,6.5,6.6,6.5,6.4,6.7,6.7,6.4,6.4,6.4,6.5,6.5,6.6,6.6,6.4,6.6,6.2,6.7,6.7,6.6,6.4,6.4,6.5,6.5,6.5,6.7,6.8,6.5,6.7,6.5,6.8,6.6,6.8,7.1,6.9,6.6,6.5,6.6,6.5,6.5,6.7,6.2,6.9,6.7,6.3,6.3,6.6,6.7,6.9,6.7,6.8,6.7,6.3,6.5,6.8,6.7,6.4,6.7,6.3,6.6,6.8,6.6,6.8,6.8,6.4,6.5,6.6,6.7,6.5,6.2,6.4,6.8,6.7,6.4,6.5,6.7,6.6,6.7,6.8,6.6,6.7,6.5,6.5,6.5,6.6
RCP2.6,	THUNDER-BAY,5.8,5.8,5.7,5.6,5.6,5.8,5.9,5.7,5.7,5.9,5.9,5.6,5.8,5.8,5.8,5.9,5.9,5.9,5.8,5.9,5.9,5.8,5.8,5.9,5.8,5.9,5.6,5.8,5.9,6.1,5.8,5.7,6,6.1,6,5.9,5.8,5.9,5.9,6.1,5.9,6.3,6.2,5.9,6.2,6,6.1,6.1,6,6.3,5.9,6,6,5.9,6.2,6.1,5.9,6,6.1,6,6.1,6,5.9,6.1,6.5,6.1,6.2,6.3,6.1,6,6,6.3,6.1,6.1,6.2,6,6,6.3,5.8,5.7,6.1,5.9,6.2,5.9,6.1,6.1,6.2,6,6.2,6.1,6.2,6,5.7,6.1,6.2,6,6.4,6.1,5.9,6.1,5.9,6,6.1,6.2,5.9,6,5.9,6.2,5.9,6.1,6,6,6,6.1,6.1,5.9,5.9,6.1,6.1
RCP2.6,	TIMISKAMING,5.7,5.7,5.7,5.7,5.6,5.8,6,5.7,5.7,5.9,6,5.7,5.6,5.9,5.7,5.8,5.8,5.7,5.6,5.8,6,5.9,5.8,5.8,5.8,5.6,5.7,5.7,5.8,6,6.1,5.9,5.8,6,5.9,5.8,6,5.9,5.9,6.1,6.1,5.8,5.9,5.8,6,5.9,6,6,5.8,5.9,5.7,6.1,6,6,5.9,6,5.9,6,5.9,6.1,6.2,6,6,5.9,6.3,6.1,6.2,6.3,6.3,6,5.8,6.1,6,6,6,5.8,6.1,6.2,5.8,5.8,6,6.1,6.3,6,6.3,6,5.7,5.8,6.2,6.2,5.8,6.2,5.9,6,6.1,6,6.3,6.1,6,5.9,6.1,5.9,6,5.9,5.9,6.1,6.1,6,5.8,6.1,6,6.1,6.1,6,6,5.9,5.9,6,6.1
RCP2.6,	VICTORIA,6.7,7,6.7,6.5,6.5,6.6,7,6.9,7.1,6.9,6.7,6.8,6.6,6.9,6.5,6.5,6.8,6.8,6.8,6.8,6.9,6.9,6.7,7.1,6.9,6.6,6.8,6.8,7,6.9,6.9,6.8,6.8,7.1,7,7,7,7.1,6.8,7,7.1,6.9,6.9,6.9,7,6.9,7.1,7.3,7.1,6.8,6.9,7.3,6.9,7.1,7.2,6.9,7.1,6.9,7,6.9,7.5,7,7,7,7,7.1,7.3,7.4,7.2,6.9,6.9,7.3,7.1,7.1,7.3,6.8,7.1,7.2,7.1,6.8,7,7.2,7.2,7,7.4,7,6.7,6.9,7.1,7,7,7.1,6.7,7.1,7.2,7.2,7.4,7.1,7.1,7,6.8,7.1,6.9,6.6,6.9,7.2,7.3,6.9,7.2,7.1,6.9,7,6.9,7.1,7.2,6.9,6.9,6.9,7.2
RCP2.6,	WATERLOO,6.5,6.5,6.6,6.4,6.4,6.4,6.7,6.7,6.7,6.7,6.6,6.5,6.6,6.7,6.3,6.2,6.5,6.7,6.6,6.7,6.7,6.5,6.6,6.7,6.8,6.4,6.5,6.5,6.9,6.5,6.7,6.5,6.5,6.7,6.9,6.8,6.9,7.1,6.7,6.7,6.7,6.6,6.6,6.6,6.8,6.9,6.9,7.1,6.8,6.7,6.6,7.1,6.7,6.6,6.9,6.7,6.8,6.8,6.6,6.9,7.2,6.7,6.7,6.7,6.8,6.8,6.9,7,7.1,6.6,6.9,7,6.8,6.8,7,6.7,6.9,7,6.8,6.7,6.9,7,7,6.7,7.4,6.8,6.7,6.8,6.8,6.9,6.7,6.8,6.5,7,6.8,6.8,7.1,7,7,6.8,6.6,6.8,6.5,6.6,6.7,7.1,7.2,6.8,7.1,6.9,6.7,6.7,6.8,6.9,7,6.8,6.8,6.7,6.8
RCP2.6,	WELLINGTON,6.4,6.5,6.6,6.4,6.4,6.4,6.7,6.7,6.8,6.7,6.5,6.5,6.5,6.7,6.3,6.3,6.4,6.7,6.6,6.6,6.7,6.6,6.6,6.7,6.8,6.4,6.5,6.5,6.9,6.6,6.7,6.5,6.5,6.7,6.9,6.7,6.8,7.1,6.7,6.7,6.8,6.7,6.6,6.6,6.8,6.8,6.9,7.1,6.8,6.6,6.6,7,6.7,6.7,6.9,6.7,6.8,6.8,6.7,6.9,7.2,6.7,6.7,6.7,6.7,6.8,6.9,7.1,7.1,6.6,6.8,7,6.8,6.9,7,6.6,6.9,7,6.8,6.7,7,7,7,6.7,7.3,6.7,6.6,6.8,6.9,6.9,6.6,6.8,6.5,7,6.8,6.8,7.1,7,6.9,6.8,6.6,6.8,6.5,6.6,6.7,7,7.2,6.8,7,6.9,6.7,6.7,6.7,6.9,7,6.8,6.8,6.7,6.9
RCP2.6,	YORK,6.4,6.7,6.6,6.4,6.4,6.5,6.9,6.7,6.9,6.7,6.5,6.6,6.6,6.7,6.4,6.3,6.6,6.7,6.6,6.7,6.7,6.6,6.6,6.8,6.8,6.3,6.6,6.5,6.9,6.7,6.9,6.6,6.7,6.8,6.8,6.8,6.8,7.1,6.7,6.8,6.9,6.7,6.7,6.7,6.9,6.8,6.8,7.2,6.9,6.7,6.6,7,6.8,6.8,7,6.8,6.9,6.8,6.7,6.9,7.2,6.7,6.9,6.8,6.8,6.9,7.1,7.2,7.1,6.7,6.8,7.1,6.9,6.9,7.1,6.6,6.9,7.1,7,6.7,7,7,7,6.7,7.3,6.8,6.6,6.9,6.9,6.9,6.8,6.9,6.6,7,7,7,7.2,7.1,6.9,6.8,6.6,7,6.6,6.6,6.7,7,7.2,6.8,7.1,6.9,6.8,6.8,6.8,7,7,6.8,6.8,6.7,7
RCP4.5,	ALGOMA,6,6.1,6,5.9,5.9,6,6.2,6,6,6.2,6.1,6,6,6.2,6,6.2,6.2,6.1,6.1,6,6.3,6.1,6.1,6.2,6.1,6.1,6,6,6.1,6.1,6.1,6.2,6.3,6.1,6.1,6.2,6.1,6.2,6.1,6.3,6.2,6.3,6.2,6.2,6.4,6.3,6.3,6.4,6.1,6.3,6.3,6.3,6.5,6.2,6.2,6.3,6.4,6.3,6.6,6.3,6.1,6.4,6.2,6.4,6.5,6.5,6.3,6.4,6.5,6.3,6.4,6.4,6.4,6.6,6.5,6.5,6.4,6.4,6.3,6.3,6.6,6.2,6.5,6.2,6.6,6.3,6.5,6.3,6.5,6.4,6.4,6.3,6.4,6.4,6.5,6.4,6.3,6.3,6.4,6.6,6.4,6.5,6.3,6.6,6.5,6.6,6.6,6.5,6.2,6.5,6.5,6.6,6.5,6.5,6.3,6.4,6.5,6.5,6.4
RCP4.5,	BRANT,6.6,6.9,6.9,6.8,6.7,6.7,7,6.9,6.9,6.9,6.8,6.8,7,6.8,6.6,6.5,6.7,7,6.8,6.9,6.9,6.7,6.7,7,6.9,6.8,6.9,6.6,6.9,6.7,6.9,6.8,7.1,7,7.1,7.2,6.8,7.2,6.8,6.9,7.1,7.4,7,7.2,7.3,6.7,7.1,7.2,6.9,7,7.1,7.1,6.8,6.8,7.1,7.2,6.9,7.2,7.4,7.2,7,6.9,6.9,7.2,7.3,7,7.1,7,7.1,6.6,7.2,7.1,7,7.4,7.5,7.4,7.4,7.2,7.4,7,7.4,7.2,7.6,7.5,7.6,7,7.4,7.2,7.2,7.3,7,7.2,7.2,7.2,7.2,6.9,7,7.4,7,7.2,7.4,7.1,7.1,7.3,7,7.3,7.2,7.2,7.3,7.1,7,7.2,7.2,7.1,7.2,7,7.4,7.1,7
RCP4.5,	BRUCE,5.8,6,5.9,5.8,5.7,5.9,5.8,6,6,6.1,6,6,5.9,6.1,5.7,5.9,5.9,6,6,5.9,6,5.9,5.9,6,6,6,5.9,5.8,6,5.9,6,6,6.1,6,6.2,6.1,6,6.1,5.8,6.2,6.1,6.4,6,6.3,6.2,6,6.2,6.1,5.8,6.1,6.2,6.3,6.1,6,6.2,6,6.2,6.1,6.3,6.2,6.1,6.1,6,6.3,6.3,6.2,6.3,6.2,6.2,5.8,6.3,6,6.1,6.5,6.6,6.5,6.2,6.2,6.4,6.1,6.5,6.2,6.6,6.5,6.8,6,6.4,6.3,6.4,6.3,6.2,6.2,6.3,6.4,6.4,6,6.2,6.3,6,6.2,6.3,6.2,6.3,6.3,6.2,6.2,6.4,6.2,6.2,6.2,6.2,6.3,6.2,6.3,6.4,6.2,6.4,6.3,6.4
RCP4.5,	COCHRANE,5.7,5.7,5.5,5.6,5.5,5.7,5.7,5.6,5.6,5.6,5.7,5.5,5.6,5.7,5.5,5.7,5.8,5.6,5.7,5.6,5.8,5.7,5.7,5.7,5.7,5.7,5.7,5.7,5.6,5.7,5.7,5.7,5.7,5.7,5.7,5.7,5.7,5.7,5.7,5.9,5.8,5.8,5.9,5.8,5.9,5.8,5.7,6,5.8,5.9,5.9,5.8,5.9,5.8,5.8,5.8,5.9,5.9,6,5.9,5.7,5.9,5.9,5.9,6,6.1,5.9,5.9,5.9,5.9,5.9,5.9,5.9,6.1,6,6,6.1,5.9,5.7,6,6.2,5.9,6,5.9,6.1,5.9,6.1,5.9,6,5.9,6,5.9,6,6,6.1,5.9,5.9,5.9,6,6.1,6.1,5.9,5.9,6.2,6.1,6.1,6.1,6,5.9,6,6.1,6.1,6.1,6.2,5.8,6,6,6.1,6
RCP4.5,	DUFFERIN,6.4,6.6,6.5,6.5,6.3,6.5,6.6,6.7,6.7,6.7,6.5,6.5,6.5,6.6,6.3,6.4,6.5,6.7,6.6,6.5,6.6,6.6,6.5,6.7,6.7,6.6,6.5,6.4,6.7,6.5,6.6,6.5,6.7,6.6,6.8,6.8,6.7,6.8,6.4,6.7,6.7,7.1,6.7,6.8,6.9,6.5,6.8,6.8,6.5,6.7,6.8,6.8,6.6,6.6,6.9,6.7,6.8,6.8,7,6.7,6.7,6.6,6.7,6.9,6.9,6.8,6.8,6.8,6.8,6.4,7,6.8,6.7,7.1,7.2,6.9,7,6.8,7.1,6.7,7.2,7,7.2,7.1,7.4,6.7,7,7,6.9,6.9,6.9,6.9,6.9,6.9,7,6.7,6.8,7,6.6,6.9,6.9,6.8,6.8,6.9,6.7,6.8,7,6.9,6.9,6.8,6.7,6.9,6.8,7,7.1,6.7,7.1,6.8,7
RCP4.5,	DURHAM,6.4,6.7,6.5,6.5,6.3,6.5,6.8,6.7,6.8,6.7,6.5,6.6,6.6,6.7,6.3,6.3,6.6,6.7,6.6,6.7,6.6,6.6,6.5,6.7,6.6,6.7,6.6,6.5,6.7,6.6,6.8,6.7,6.9,6.7,6.9,6.9,6.7,6.8,6.5,6.8,6.8,7.2,6.7,6.8,7,6.5,6.9,6.9,6.6,6.7,6.9,6.9,6.7,6.6,6.9,6.8,6.9,6.9,7.1,6.8,6.8,6.8,6.7,6.9,6.9,7,6.9,6.8,6.8,6.4,7.1,6.9,6.7,7.1,7.2,7,7.1,6.9,7.2,6.8,7.2,6.8,7.3,7.2,7.3,6.8,7.1,7.1,6.9,7,6.9,6.9,6.9,6.9,7,6.8,6.9,7.1,6.8,7,7,6.9,6.9,7,6.8,6.8,7,6.9,7,6.8,6.8,7,7,7,7.1,6.7,7.1,6.8,7
RCP4.5,	ELGIN,6.5,6.6,6.7,6.7,6.5,6.5,6.7,6.8,6.6,6.7,6.5,6.7,6.7,6.6,6.4,6.2,6.6,6.9,6.7,6.7,6.7,6.5,6.6,6.6,6.8,6.7,6.8,6.4,6.6,6.6,6.7,6.7,6.9,6.8,6.8,7,6.7,6.9,6.7,6.8,7,7.2,6.7,7,7.1,6.5,6.8,6.9,6.8,6.7,6.9,7,6.7,6.7,6.9,7,6.6,6.9,7.1,7.1,6.8,6.7,6.8,7,7.1,6.8,6.9,6.9,6.9,6.4,7.1,7,6.8,7.2,7.3,7.1,7.2,7,7.2,6.8,7.2,7,7.3,7.3,7.4,6.7,7.2,7,7,7.1,6.8,6.9,7.1,7,7,6.8,6.9,7.2,6.7,6.9,7.2,7,6.8,7.1,6.8,7.1,7.1,7,7,7,6.9,6.9,7,6.9,7.1,6.9,7.2,6.9,6.9
RCP4.5,	ESSEX,6.3,6.3,6.4,6.5,6.4,6.3,6.5,6.4,6.3,6.5,6.1,6.5,6.5,6.4,6.2,6.1,6.3,6.6,6.4,6.5,6.5,6.3,6.4,6.4,6.5,6.4,6.5,6.2,6.3,6.3,6.4,6.5,6.6,6.5,6.6,6.8,6.5,6.5,6.3,6.5,6.9,6.9,6.4,6.8,6.9,6.2,6.4,6.7,6.6,6.6,6.7,6.8,6.6,6.5,6.6,6.7,6.4,6.6,6.9,7,6.5,6.5,6.6,6.8,6.7,6.4,6.5,6.5,6.6,6.2,7,6.8,6.6,6.8,7.1,7,6.8,6.8,6.9,6.6,7,6.6,7.1,7.2,7,6.5,7,6.8,6.7,6.7,6.6,6.6,6.7,6.7,7,6.5,6.6,6.9,6.5,6.8,6.8,6.7,6.6,7.1,6.6,6.8,7,6.7,6.7,6.9,6.7,6.8,6.7,6.6,7,6.7,6.9,6.6,6.5
RCP4.5,	FRONTENAC,7.1,7.5,7.3,7,7.1,7.2,7.5,7.3,7.5,7.4,7.3,7.3,7.3,7.4,7.1,7.1,7.3,7.4,7.3,7.4,7.3,7.4,7.3,7.5,7.4,7.4,7.4,7.2,7.4,7.3,7.5,7.6,7.5,7.5,7.5,7.7,7.4,7.5,7.2,7.7,7.5,7.9,7.4,7.4,7.6,7.4,7.7,7.7,7.3,7.4,7.7,7.6,7.5,7.5,7.7,7.6,7.5,7.7,7.8,7.5,7.6,7.5,7.5,7.7,7.6,7.8,7.5,7.6,7.6,7.3,7.8,7.5,7.5,7.9,7.8,7.7,7.9,7.8,8.1,7.7,8.1,7.7,8.1,8,8.1,7.6,8,7.9,7.6,7.7,7.6,7.7,7.6,7.7,8,7.6,7.9,8,7.4,7.7,7.8,7.7,7.8,7.7,7.7,7.6,7.8,7.7,7.9,7.7,7.6,7.9,7.9,7.8,7.8,7.5,7.7,7.6,7.7
RCP4.5,	GREY,6.1,6.2,6.2,6.1,6,6.1,6.1,6.3,6.3,6.3,6.2,6.2,6.1,6.3,5.9,6.1,6.1,6.2,6.2,6.2,6.3,6.3,6.1,6.3,6.3,6.3,6.2,6,6.3,6.2,6.3,6.2,6.3,6.3,6.5,6.4,6.3,6.4,6.1,6.4,6.4,6.7,6.3,6.5,6.5,6.2,6.5,6.4,6.1,6.3,6.4,6.6,6.3,6.3,6.5,6.3,6.5,6.5,6.6,6.4,6.3,6.3,6.3,6.5,6.6,6.5,6.5,6.5,6.5,6.1,6.6,6.3,6.3,6.8,6.9,6.7,6.5,6.5,6.7,6.4,6.8,6.6,6.8,6.8,7.1,6.3,6.7,6.6,6.6,6.6,6.5,6.5,6.6,6.7,6.7,6.3,6.5,6.6,6.3,6.5,6.6,6.4,6.5,6.6,6.4,6.5,6.6,6.5,6.5,6.4,6.4,6.6,6.4,6.6,6.7,6.5,6.7,6.5,6.6
RCP4.5,	HALDIMAND-NORFOLK,6.4,6.7,6.6,6.5,6.4,6.5,6.7,6.6,6.6,6.6,6.5,6.7,6.8,6.6,6.4,6.2,6.5,6.7,6.7,6.7,6.6,6.5,6.5,6.7,6.7,6.6,6.7,6.4,6.6,6.5,6.7,6.7,6.9,6.7,6.8,7,6.5,6.9,6.6,6.7,6.9,7.2,6.7,7,7.1,6.4,6.9,6.9,6.6,6.7,6.9,6.9,6.6,6.6,6.8,7,6.6,6.9,7.1,7,6.7,6.7,6.8,7,7.1,6.7,6.9,6.8,6.8,6.3,7,6.9,6.8,7.1,7.2,7.2,7.2,7,7.2,6.8,7.1,7,7.3,7.2,7.4,6.8,7.1,6.9,6.9,7.2,6.7,6.9,6.9,7,7,6.7,6.8,7.2,6.7,6.9,7.1,6.9,6.8,7,6.8,7,7,6.9,7,6.9,6.8,7,6.9,6.9,7,6.9,7.1,6.9,6.8
RCP4.5,	HALIBURTON,6.6,6.8,6.7,6.3,6.4,6.5,6.7,6.7,6.9,6.8,6.7,6.7,6.6,6.9,6.4,6.6,6.7,6.7,6.7,6.7,6.8,6.8,6.6,6.9,6.8,6.8,6.7,6.5,6.9,6.7,6.9,6.8,6.8,6.8,6.8,6.9,6.7,6.9,6.5,7,6.8,7.1,6.8,6.9,7,6.7,7.1,7,6.7,6.7,6.9,7.1,6.8,6.7,7.1,6.8,7,6.9,7.2,6.8,6.9,6.9,6.9,7,7,7,7,7,7,6.7,7,7,6.8,7.1,7.3,7.1,7.1,6.9,7.3,6.9,7.3,7,7.4,7.4,7.3,6.9,7.1,7.1,7.1,7.1,7,6.9,7,7.1,7.3,6.9,7.1,7.3,6.9,7,7.1,7,7.1,7.1,7,7.1,7.2,7,7.1,7,7,7.1,7,7,7,6.9,7.1,6.9,7.1
RCP4.5,	HALTON,6.4,6.7,6.7,6.6,6.4,6.5,6.8,6.7,6.9,6.7,6.5,6.6,6.7,6.6,6.4,6.3,6.6,6.7,6.7,6.6,6.7,6.5,6.5,6.7,6.7,6.7,6.7,6.5,6.7,6.6,6.8,6.7,6.9,6.7,6.9,7,6.7,6.9,6.6,6.7,6.8,7.2,6.8,7,7.1,6.5,6.9,7,6.7,6.8,7,6.9,6.6,6.6,6.9,6.9,6.8,6.9,7.1,6.9,6.8,6.8,6.7,7,7,6.9,6.9,6.8,6.9,6.4,7.1,7,6.8,7.1,7.3,7.2,7.2,7,7.2,6.8,7.2,7,7.3,7.2,7.4,6.8,7.1,7.1,7,7.1,6.9,7,7,6.9,7,6.7,6.8,7.1,6.8,7.1,7.1,6.9,6.9,7,6.8,7,7.1,7,7.1,6.9,6.8,7,6.9,7,7.1,6.8,7.2,6.9,6.9
RCP4.5,	HAMILTON-WENTWORTH,6.5,6.9,6.8,6.7,6.6,6.6,6.9,6.8,6.9,6.8,6.7,6.8,6.9,6.7,6.5,6.4,6.6,6.8,6.8,6.8,6.7,6.6,6.6,6.9,6.8,6.8,6.8,6.6,6.8,6.6,6.8,6.8,7.1,6.9,7,7.1,6.8,7.1,6.8,6.9,7,7.3,6.9,7.1,7.2,6.6,7.1,7.1,6.8,6.9,7.1,7.1,6.7,6.7,7,7.1,6.8,7.1,7.2,7.1,6.9,6.9,6.8,7.1,7.2,7,7,7,7.1,6.5,7.2,7.1,6.9,7.2,7.4,7.3,7.3,7.1,7.3,6.9,7.2,7.1,7.5,7.4,7.5,6.9,7.3,7.2,7.1,7.3,6.9,7.1,7.1,7.1,7.1,6.8,6.9,7.3,6.9,7.1,7.2,7,7,7.1,6.9,7.2,7.1,7.1,7.3,7.1,6.9,7.1,7.1,7.1,7.1,6.9,7.4,7,6.9
RCP4.5,	HASTINGS,7,7.4,7.1,6.9,6.9,7,7.3,7.2,7.4,7.3,7.1,7.2,7.1,7.3,6.9,6.9,7.2,7.2,7.1,7.3,7.1,7.3,7.2,7.4,7.2,7.2,7.2,7,7.3,7.2,7.4,7.4,7.4,7.3,7.3,7.5,7.2,7.3,7,7.5,7.4,7.7,7.3,7.3,7.4,7.2,7.5,7.5,7.1,7.2,7.5,7.5,7.4,7.3,7.5,7.4,7.4,7.5,7.7,7.4,7.4,7.3,7.3,7.4,7.4,7.6,7.4,7.5,7.5,7.1,7.6,7.4,7.3,7.7,7.8,7.6,7.7,7.5,7.8,7.4,7.9,7.5,7.9,7.9,7.9,7.4,7.7,7.7,7.5,7.6,7.5,7.4,7.5,7.5,7.8,7.4,7.6,7.7,7.3,7.5,7.6,7.5,7.6,7.6,7.5,7.5,7.6,7.5,7.7,7.5,7.4,7.7,7.7,7.5,7.6,7.3,7.6,7.4,7.5
RCP4.5,	HURON,6.1,6.2,6.3,6.3,6.2,6.2,6.3,6.4,6.3,6.4,6.3,6.3,6.3,6.4,6.1,6.1,6.2,6.4,6.3,6.3,6.4,6.2,6.3,6.3,6.4,6.4,6.3,6.1,6.4,6.3,6.4,6.3,6.5,6.3,6.7,6.5,6.3,6.5,6.2,6.4,6.6,6.8,6.4,6.6,6.6,6.2,6.4,6.4,6.3,6.4,6.5,6.7,6.3,6.3,6.5,6.4,6.4,6.5,6.7,6.6,6.5,6.4,6.4,6.7,6.7,6.5,6.5,6.4,6.5,6,6.7,6.5,6.4,6.8,6.9,6.8,6.6,6.6,6.7,6.4,6.8,6.6,6.9,6.9,7.2,6.3,6.8,6.6,6.6,6.7,6.6,6.6,6.6,6.6,6.7,6.4,6.5,6.7,6.4,6.6,6.7,6.5,6.5,6.7,6.5,6.6,6.7,6.6,6.6,6.5,6.5,6.7,6.5,6.6,6.8,6.5,6.8,6.5,6.5
RCP4.5,	Island-county-stat,6,6,6,5.9,5.8,6,6.1,6.1,6.1,6.2,6.1,6.1,6.1,6.2,6,6.1,6.1,6,6.1,6.2,6.2,6.1,6.1,6.3,6.2,6.1,6.1,6.1,6.1,6.1,6.1,6.1,6.3,6.2,6.2,6.4,6.2,6.2,6,6.3,6.2,6.4,6.2,6.3,6.4,6.2,6.3,6.3,6,6.3,6.3,6.5,6.5,6.1,6.3,6.2,6.3,6.2,6.6,6.3,6.2,6.3,6.3,6.4,6.4,6.4,6.4,6.4,6.4,6.1,6.4,6.4,6.4,6.6,6.5,6.5,6.4,6.4,6.4,6.3,6.6,6.3,6.6,6.4,6.7,6.3,6.5,6.4,6.5,6.4,6.5,6.4,6.4,6.5,6.7,6.3,6.4,6.4,6.4,6.5,6.5,6.5,6.4,6.7,6.4,6.5,6.6,6.5,6.3,6.5,6.4,6.5,6.5,6.4,6.5,6.3,6.5,6.4,6.5
RCP4.5,	KENORA,5.4,5.3,5.4,5.3,5.2,5.4,5.4,5.4,5.3,5.4,5.4,5.3,5.4,5.4,5.4,5.4,5.5,5.3,5.5,5.3,5.4,5.5,5.4,5.3,5.5,5.4,5.5,5.4,5.3,5.6,5.3,5.4,5.4,5.4,5.6,5.5,5.4,5.5,5.4,5.6,5.5,5.5,5.6,5.5,5.5,5.5,5.5,5.6,5.5,5.6,5.5,5.6,5.6,5.5,5.6,5.5,5.4,5.6,5.6,5.6,5.5,5.5,5.5,5.6,5.6,5.7,5.7,5.5,5.6,5.5,5.6,5.6,5.6,5.7,5.6,5.7,5.6,5.5,5.4,5.6,5.6,5.7,5.7,5.7,5.7,5.7,5.6,5.6,5.6,5.5,5.6,5.6,5.7,5.7,5.8,5.6,5.6,5.7,5.7,5.7,5.8,5.7,5.7,5.9,5.6,5.6,5.8,5.6,5.7,5.6,5.8,5.8,5.8,5.7,5.6,5.5,5.7,5.7,5.7
RCP4.5,	KENT,6.6,6.6,6.8,6.8,6.6,6.5,6.8,6.8,6.6,6.8,6.5,6.9,6.7,6.7,6.5,6.3,6.6,7,6.8,6.7,6.8,6.6,6.6,6.7,6.8,6.7,6.9,6.5,6.7,6.6,6.8,6.7,6.9,6.8,6.9,7,6.8,6.9,6.6,6.9,7.1,7.2,6.7,7.1,7.2,6.5,6.8,6.9,6.9,6.9,7,7.1,6.8,6.7,6.9,7,6.7,7,7.2,7.2,6.8,6.8,6.9,7.1,7.1,6.8,6.9,6.9,6.9,6.5,7.3,7.1,6.8,7.1,7.4,7.3,7.1,7.1,7.2,6.9,7.3,7,7.4,7.4,7.4,6.7,7.3,7.1,7,7.2,6.9,6.9,7,7,7.2,6.7,6.9,7.2,6.7,7,7.2,7.1,6.9,7.2,6.9,7.1,7.3,7,7,7.1,7,7,7,6.9,7.2,7,7.2,6.9,6.9
RCP4.5,	LAMBTON,6.3,6.5,6.6,6.6,6.5,6.4,6.6,6.7,6.5,6.7,6.4,6.6,6.5,6.5,6.4,6.1,6.6,6.8,6.6,6.6,6.6,6.5,6.5,6.5,6.6,6.6,6.7,6.3,6.6,6.5,6.7,6.6,6.8,6.6,6.8,6.8,6.7,6.7,6.5,6.7,7,7.1,6.5,6.9,7,6.4,6.6,6.7,6.7,6.7,6.8,6.9,6.6,6.5,6.8,6.8,6.6,6.8,6.9,7,6.7,6.6,6.6,6.9,6.9,6.7,6.7,6.7,6.8,6.3,7,6.8,6.7,7,7.2,7.1,6.9,6.9,7,6.7,7.1,6.8,7.2,7.2,7.3,6.7,7.1,6.9,6.9,7,6.7,6.7,6.9,6.8,7,6.6,6.7,7,6.6,6.8,7.1,6.9,6.7,6.9,6.7,7,7.1,6.8,6.8,6.9,6.8,6.8,6.9,6.8,7.1,6.8,7,6.7,6.8
RCP4.5,	LANARK,6.8,7.2,7,6.7,6.8,6.9,7.2,6.9,7.2,7.2,7,7,7,7.2,6.8,6.9,7,7.1,7.1,7.1,7,7.2,7,7.2,7.2,7,7.1,6.9,7.2,7.1,7.2,7.3,7.2,7.3,7.1,7.4,7.1,7.2,6.9,7.4,7.2,7.6,7.1,7.1,7.4,7.1,7.4,7.4,7.1,7.1,7.3,7.3,7.2,7.2,7.4,7.2,7.3,7.3,7.5,7.2,7.3,7.2,7.2,7.3,7.3,7.5,7.2,7.2,7.3,7.1,7.5,7.2,7.2,7.6,7.6,7.5,7.5,7.5,7.8,7.4,7.9,7.3,7.8,7.7,7.8,7.2,7.6,7.6,7.4,7.4,7.3,7.3,7.4,7.4,7.8,7.4,7.6,7.7,7.2,7.4,7.5,7.4,7.5,7.4,7.4,7.3,7.4,7.4,7.6,7.4,7.4,7.6,7.6,7.5,7.5,7.2,7.5,7.3,7.4
RCP4.5,	LEEDSandGRENVILLE,6.9,7.3,7.1,6.8,7,7.1,7.3,7,7.3,7.3,7,7.1,7.1,7.3,6.9,6.9,7.1,7.2,7.2,7.2,7.1,7.2,7.1,7.4,7.3,7.2,7.1,6.9,7.2,7.2,7.2,7.4,7.4,7.4,7.2,7.5,7.1,7.4,7,7.4,7.2,7.7,7.2,7.1,7.4,7.2,7.5,7.5,7.1,7.1,7.4,7.4,7.3,7.3,7.5,7.3,7.3,7.4,7.6,7.3,7.4,7.3,7.3,7.4,7.4,7.5,7.4,7.4,7.3,7.2,7.6,7.3,7.3,7.6,7.6,7.5,7.6,7.6,7.9,7.6,7.9,7.4,7.9,7.7,7.9,7.3,7.8,7.6,7.4,7.5,7.3,7.5,7.5,7.5,7.9,7.5,7.7,7.9,7.1,7.4,7.6,7.4,7.6,7.4,7.5,7.4,7.6,7.5,7.7,7.5,7.4,7.7,7.7,7.6,7.6,7.3,7.5,7.4,7.5
RCP4.5,	LENNOXandADDINGTON,7,7.4,7.2,6.9,7,7.1,7.4,7.2,7.4,7.4,7.2,7.2,7.2,7.3,7,7,7.2,7.3,7.2,7.3,7.2,7.3,7.2,7.4,7.3,7.3,7.3,7.1,7.3,7.2,7.4,7.4,7.5,7.4,7.4,7.6,7.3,7.4,7.1,7.6,7.4,7.8,7.3,7.3,7.5,7.3,7.6,7.6,7.2,7.3,7.6,7.5,7.5,7.4,7.6,7.5,7.4,7.6,7.7,7.5,7.5,7.4,7.4,7.5,7.5,7.7,7.5,7.5,7.5,7.2,7.7,7.4,7.4,7.7,7.8,7.6,7.8,7.6,7.9,7.6,8,7.6,8,7.9,8,7.5,7.8,7.8,7.5,7.6,7.5,7.5,7.5,7.6,7.8,7.5,7.8,7.9,7.4,7.6,7.7,7.6,7.6,7.6,7.6,7.5,7.7,7.6,7.8,7.6,7.5,7.8,7.8,7.7,7.6,7.4,7.6,7.5,7.6
RCP4.5,	MANITOULIN,5.8,5.7,5.9,5.6,5.5,5.7,5.9,5.8,5.9,6,5.9,5.8,5.7,5.9,5.6,5.9,5.8,5.6,5.7,6,6,5.8,5.8,6,5.9,5.8,5.8,5.8,5.9,5.7,6,5.8,6,6,6,6,5.8,5.9,5.7,6.1,5.9,6.1,5.8,6.1,6.1,5.9,6.1,6,5.7,6,6,6.3,6.2,5.8,6,5.9,6.1,5.9,6.3,6.1,6,6.1,6,6.1,6.1,6.1,6.2,6.2,6.1,5.7,6.1,6,6.1,6.3,6.2,6.3,6.2,6.2,6.2,6,6.3,6.1,6.5,6.1,6.7,6,6.3,6.2,6.3,6.1,6.3,6,6.3,6.3,6.4,6.1,6.1,6.1,6.1,6.1,6.3,6.2,6.1,6.3,6.1,6.1,6.3,6.1,6,6.3,6.1,6.2,6.1,6.2,6.3,6,6.4,6.2,6.3
RCP4.5,METROPOLITAN-TORONTO,6.4,6.8,6.6,6.5,6.4,6.5,6.8,6.6,6.8,6.7,6.5,6.6,6.6,6.6,6.3,6.3,6.6,6.6,6.7,6.6,6.6,6.5,6.5,6.6,6.7,6.6,6.6,6.4,6.7,6.6,6.8,6.7,6.9,6.7,6.9,6.9,6.6,6.7,6.5,6.7,6.8,7.2,6.7,6.9,7,6.5,6.8,6.9,6.6,6.7,6.9,6.8,6.6,6.6,6.9,6.9,6.8,6.9,7,6.9,6.7,6.8,6.6,7,6.9,6.9,6.8,6.8,6.8,6.4,7.1,6.9,6.7,7.1,7.2,7.1,7.1,6.9,7.2,6.7,7.2,6.9,7.3,7.2,7.3,6.8,7.1,7.1,6.9,7,6.9,7,7,6.9,7,6.8,6.8,7.1,6.8,7.1,6.9,6.9,6.8,7,6.7,6.9,7,7,7,6.8,6.7,7,7,7,7.1,6.8,7.2,6.8,6.9
RCP4.5,	MIDDLESEX,6.5,6.7,6.8,6.7,6.6,6.6,6.8,6.9,6.7,6.8,6.6,6.7,6.7,6.7,6.5,6.4,6.7,6.9,6.8,6.8,6.8,6.6,6.7,6.7,6.9,6.7,6.8,6.5,6.7,6.7,6.8,6.7,7,6.8,7,7,6.8,6.9,6.7,6.9,7,7.2,6.8,7,7.1,6.6,6.8,6.9,6.8,6.8,6.9,7.1,6.7,6.7,7,7,6.8,6.9,7.1,7.1,6.9,6.8,6.8,7.1,7.1,6.9,6.9,6.9,6.9,6.5,7.1,6.9,6.8,7.2,7.4,7.2,7.1,7.1,7.2,6.8,7.2,7,7.3,7.4,7.5,6.8,7.2,7,7.1,7.2,7,7,7.1,7.1,7.1,6.9,6.9,7.2,6.8,7,7.2,6.9,6.9,7.1,6.9,7.1,7.2,7,7.1,7,6.9,7,7,7,7.2,6.9,7.2,6.9,7
RCP4.5,	MUSKOKA,6.3,6.5,6.4,6.1,6.1,6.2,6.5,6.4,6.5,6.6,6.5,6.5,6.3,6.6,6.1,6.4,6.4,6.4,6.4,6.4,6.5,6.5,6.3,6.5,6.5,6.5,6.4,6.3,6.6,6.4,6.5,6.5,6.6,6.5,6.6,6.6,6.4,6.5,6.3,6.7,6.6,6.8,6.4,6.7,6.7,6.5,6.8,6.7,6.4,6.5,6.6,6.8,6.6,6.4,6.8,6.5,6.7,6.7,6.9,6.5,6.6,6.6,6.5,6.7,6.8,6.6,6.8,6.7,6.7,6.4,6.8,6.7,6.5,6.9,7.1,6.8,6.8,6.7,7,6.6,7,6.6,7.1,7.1,7.1,6.5,6.8,6.9,6.8,6.7,6.8,6.7,6.7,6.9,7,6.6,6.8,6.9,6.6,6.7,6.8,6.7,6.8,6.8,6.7,6.9,6.9,6.7,6.7,6.7,6.7,6.8,6.7,6.7,6.8,6.6,6.8,6.5,6.8
RCP4.5,	NIAGARA,6.3,6.8,6.5,6.4,6.3,6.5,6.6,6.5,6.6,6.6,6.4,6.6,6.6,6.5,6.4,6.1,6.4,6.6,6.6,6.6,6.5,6.4,6.4,6.6,6.6,6.6,6.6,6.3,6.5,6.5,6.6,6.6,6.8,6.7,6.7,6.9,6.5,6.9,6.5,6.7,6.8,7.1,6.6,6.9,7,6.4,6.8,6.8,6.5,6.6,6.9,6.8,6.5,6.6,6.7,6.9,6.5,6.8,7,6.9,6.6,6.7,6.7,6.9,6.9,6.7,6.7,6.8,6.7,6.3,7,6.8,6.8,7,7.1,7.1,7,7,7.1,6.8,7,6.8,7.3,7.1,7.2,6.8,7.1,6.9,6.8,7.2,6.7,6.9,6.8,6.9,7,6.6,6.7,7.1,6.6,6.9,7.1,6.8,6.8,7,6.6,6.8,6.9,6.9,7,6.9,6.7,7,6.8,6.9,6.9,6.8,7,6.7,6.7
RCP4.5,	NIPISSING,6.2,6.2,6.3,6,6,6.1,6.2,6.2,6.3,6.4,6.4,6.2,6.1,6.5,6.1,6.3,6.3,6.1,6.2,6.3,6.5,6.3,6.3,6.3,6.3,6.3,6.3,6.2,6.5,6.3,6.4,6.5,6.4,6.3,6.3,6.3,6.3,6.4,6.2,6.5,6.4,6.5,6.3,6.5,6.5,6.4,6.5,6.6,6.2,6.4,6.4,6.7,6.5,6.3,6.6,6.4,6.5,6.5,6.8,6.4,6.4,6.5,6.5,6.5,6.5,6.6,6.5,6.6,6.7,6.4,6.6,6.6,6.4,6.7,6.8,6.6,6.7,6.6,6.7,6.5,6.8,6.5,6.9,6.7,7,6.5,6.6,6.6,6.8,6.6,6.7,6.5,6.7,6.7,6.8,6.5,6.6,6.6,6.5,6.6,6.6,6.6,6.6,6.7,6.5,6.7,6.7,6.6,6.5,6.6,6.6,6.6,6.6,6.5,6.5,6.5,6.7,6.4,6.7
RCP4.5,	NORTHUMBERLAND,6.6,6.9,6.6,6.6,6.5,6.7,7,6.8,7,6.9,6.7,6.8,6.7,6.8,6.5,6.4,6.7,6.9,6.8,6.9,6.7,6.8,6.8,6.9,6.8,6.9,6.9,6.7,6.8,6.8,7,7,7.1,6.9,7,7.2,6.8,6.9,6.6,7.1,7.1,7.3,6.9,6.9,7.1,6.7,7,7,6.8,6.9,7.2,7,6.9,6.8,7.1,7.1,7,7.2,7.4,7,7,6.9,6.8,7.1,7,7.2,7.1,7,7,6.6,7.3,7.1,7,7.3,7.3,7.2,7.3,7.1,7.4,7,7.5,7.1,7.5,7.5,7.5,7,7.3,7.4,7,7.3,7.1,7.1,7.1,7.1,7.4,7,7.2,7.3,6.9,7.2,7.3,7.1,7.1,7.2,7,7,7.2,7.1,7.3,7.1,7,7.3,7.3,7.2,7.3,7,7.3,7,7
RCP4.5,	OTTAWA-CARLTON,6.6,6.9,6.9,6.5,6.7,6.7,7,6.7,7,7,6.8,6.8,6.8,7,6.6,6.7,6.8,6.9,6.9,6.9,6.8,7,6.9,7,7,6.8,6.8,6.7,7,6.9,7,7.1,7.1,7.2,6.9,7.2,6.9,6.9,6.7,7.1,7,7.2,7,6.9,7.3,6.9,7.3,7.2,6.9,6.9,7.1,7.1,7,6.9,7.2,7,7.1,7.1,7.3,7,7,7,7.1,7.1,7.2,7.3,7,6.9,7.1,7,7.4,7,7,7.3,7.4,7.3,7.4,7.3,7.5,7.2,7.6,7.1,7.6,7.5,7.5,7,7.4,7.4,7.2,7.2,7.1,7.2,7.2,7.3,7.5,7.2,7.4,7.5,7,7.2,7.3,7.1,7.3,7.2,7.2,7.1,7.2,7.3,7.4,7.2,7.2,7.4,7.3,7.3,7.2,7,7.3,7.1,7.2
RCP4.5,	OXFORD,6.7,6.9,6.9,6.9,6.7,6.7,6.9,7,6.9,6.9,6.8,6.8,7,6.8,6.6,6.5,6.8,7,6.9,6.9,6.9,6.8,6.8,6.9,7,6.9,6.9,6.6,6.9,6.8,6.9,6.8,7.1,6.9,7.1,7.1,6.9,7.1,6.8,7,7.1,7.4,7,7.2,7.3,6.7,7.1,7.2,6.9,6.9,7.1,7.2,6.8,6.9,7.1,7.1,7,7.1,7.4,7.2,7.1,6.9,7,7.2,7.3,7,7.1,7,7.1,6.5,7.2,7.1,7,7.4,7.5,7.4,7.4,7.2,7.4,7,7.4,7.2,7.5,7.5,7.6,7,7.4,7.2,7.2,7.3,7,7.2,7.2,7.2,7.2,7,7,7.4,7,7.2,7.4,7.1,7.1,7.3,7,7.3,7.3,7.1,7.3,7.1,7,7.2,7.2,7.2,7.3,7.1,7.4,7.1,7.1
RCP4.5,	PARRY-SOUND,6.3,6.3,6.4,6,6.1,6.1,6.3,6.3,6.4,6.5,6.4,6.4,6.2,6.6,6.1,6.4,6.3,6.2,6.3,6.4,6.5,6.4,6.3,6.4,6.4,6.4,6.3,6.3,6.5,6.3,6.5,6.5,6.5,6.4,6.4,6.4,6.4,6.4,6.2,6.6,6.5,6.6,6.4,6.7,6.6,6.5,6.6,6.6,6.3,6.4,6.5,6.8,6.5,6.3,6.7,6.4,6.7,6.5,6.9,6.5,6.5,6.6,6.6,6.6,6.6,6.6,6.6,6.7,6.7,6.4,6.7,6.6,6.5,6.8,7,6.7,6.7,6.6,6.8,6.5,6.9,6.6,7,6.8,7.1,6.5,6.7,6.7,6.8,6.6,6.7,6.6,6.8,6.8,6.9,6.5,6.6,6.7,6.6,6.7,6.7,6.6,6.7,6.8,6.6,6.8,6.8,6.6,6.6,6.7,6.7,6.7,6.6,6.6,6.7,6.6,6.8,6.5,6.7
RCP4.5,	PEEL,6.5,6.8,6.7,6.6,6.4,6.6,6.8,6.8,6.9,6.7,6.6,6.7,6.7,6.7,6.4,6.4,6.6,6.8,6.7,6.6,6.7,6.6,6.6,6.8,6.8,6.7,6.7,6.5,6.8,6.7,6.8,6.7,6.9,6.7,6.9,7,6.7,6.9,6.6,6.8,6.9,7.3,6.8,7,7.1,6.6,6.9,7,6.7,6.8,7,6.9,6.7,6.6,7,6.9,6.8,7,7.2,6.9,6.8,6.8,6.8,7,7,7,7,6.9,6.9,6.4,7.1,7,6.8,7.2,7.3,7.1,7.2,7,7.2,6.8,7.3,7.1,7.4,7.2,7.5,6.9,7.1,7.1,7,7.1,7,7.1,7.1,7,7,6.8,6.9,7.2,6.8,7.1,7,7,6.9,7.1,6.9,7,7.1,7,7.1,6.9,6.9,7.1,7,7.1,7.2,6.8,7.3,6.9,7
RCP4.5,	PERTH,6.4,6.5,6.6,6.6,6.4,6.5,6.6,6.7,6.6,6.6,6.5,6.5,6.6,6.6,6.4,6.3,6.5,6.7,6.6,6.6,6.6,6.5,6.5,6.7,6.8,6.7,6.6,6.4,6.7,6.5,6.6,6.6,6.8,6.6,6.9,6.8,6.6,6.8,6.5,6.7,6.8,7.1,6.7,6.9,6.9,6.5,6.8,6.8,6.6,6.7,6.8,7,6.6,6.5,6.9,6.7,6.7,6.8,7,6.8,6.8,6.7,6.7,6.9,6.9,6.8,6.8,6.7,6.8,6.3,7,6.8,6.7,7.1,7.2,7.1,7,6.9,7,6.7,7.1,6.9,7.2,7.2,7.4,6.7,7,6.9,6.9,7,6.8,6.9,6.9,6.9,6.9,6.7,6.8,7,6.7,6.9,7,6.8,6.8,7,6.8,6.9,7,6.8,6.9,6.8,6.7,7,6.8,7,7,6.8,7.1,6.8,6.8
RCP4.5,	PETERBOROUGH,6.9,7.2,7,6.8,6.7,6.9,7.2,7.1,7.3,7.2,7,7,7,7.1,6.8,6.8,7.1,7.1,7,7.1,7,7.1,7,7.2,7.1,7.1,7.1,6.9,7.2,7,7.2,7.2,7.3,7.2,7.3,7.3,7.1,7.2,6.9,7.3,7.3,7.6,7.2,7.2,7.3,7,7.3,7.4,7,7.1,7.4,7.3,7.2,7.1,7.4,7.3,7.3,7.3,7.6,7.2,7.3,7.2,7.1,7.3,7.3,7.4,7.4,7.3,7.2,7,7.5,7.3,7.2,7.5,7.6,7.4,7.5,7.4,7.7,7.2,7.7,7.3,7.7,7.7,7.7,7.2,7.5,7.5,7.3,7.5,7.4,7.3,7.4,7.4,7.6,7.2,7.5,7.6,7.2,7.4,7.4,7.3,7.4,7.4,7.3,7.3,7.4,7.4,7.5,7.3,7.3,7.5,7.5,7.4,7.5,7.2,7.5,7.3,7.4
RCP4.5,	PRESCOTTandRUSSELL,6.5,6.8,6.7,6.4,6.6,6.6,6.9,6.6,6.8,6.8,6.7,6.7,6.7,6.9,6.4,6.6,6.7,6.8,6.8,6.7,6.7,6.8,6.8,6.9,6.9,6.7,6.7,6.6,6.9,6.7,6.8,7,6.9,7.1,6.7,7.1,6.7,6.9,6.6,7.1,6.8,7.1,6.8,6.8,7.2,6.8,7.1,7.2,6.8,6.8,7,7,6.8,6.8,7.1,6.9,7,7,7.1,6.8,6.9,7,7,7,7.1,7.2,6.9,6.9,7,6.9,7.3,6.8,6.8,7.2,7.3,7.2,7.3,7.3,7.4,7.1,7.5,6.9,7.5,7.4,7.4,6.9,7.2,7.2,7,7.1,7,7,7.2,7.2,7.4,7,7.2,7.3,6.8,7.1,7.2,7,7.2,7.1,7.1,7,7.1,7.2,7.3,7.1,7,7.3,7.2,7.2,7.1,7,7.1,7,7.1
RCP4.5,PRINCE-EDWARD,6.6,6.9,6.6,6.5,6.5,6.7,7.1,6.7,6.9,6.8,6.6,6.7,6.7,6.8,6.5,6.3,6.6,6.8,6.7,6.9,6.6,6.8,6.7,6.8,6.7,6.8,6.8,6.6,6.8,6.8,6.8,7,7,6.9,7,7.2,6.8,6.9,6.6,7.1,6.9,7.2,6.8,6.8,7.1,6.7,6.9,7.1,6.7,6.8,7.1,6.9,7,6.8,7,7,6.8,7.2,7.3,7,7,6.9,6.9,7,7,7.1,7,7,7,6.6,7.2,7.1,6.9,7.2,7.3,7.1,7.3,7.1,7.4,7.1,7.5,7.1,7.5,7.4,7.5,7,7.3,7.3,6.9,7.2,7,7,7.1,7.1,7.3,7,7.1,7.3,6.8,7.1,7.3,7,7.1,7.1,7,7,7.2,7.1,7.3,7.2,7,7.3,7.3,7.2,7.2,6.9,7.1,7.1,7
RCP4.5,	RAINY-RIVER,5.8,5.8,5.7,5.6,5.7,5.9,5.9,5.8,5.9,5.9,5.9,5.9,6,5.9,5.8,6,6,5.8,6.1,6,6,5.8,5.9,6.1,6.2,6,6,6.1,5.9,5.9,5.7,5.8,5.9,5.8,6.2,6.3,6,6,5.8,6.1,6.1,6,6.2,5.9,6.1,6.1,6.2,6.1,5.9,6.2,6,6.3,6.2,5.9,6.1,6,6.1,6.1,6.3,6.1,6,6,6,6.1,6.2,6.2,6,6.1,6.1,6.1,6.2,6.3,6.1,6.4,6.2,6.3,6,6.1,5.9,6.1,6.2,6.2,6,6.2,6.2,6,6.2,6.2,6.2,6.2,6.3,6.2,6.2,6.3,6.5,6,6.4,6.3,6.3,6.4,6.4,6.2,6.1,6.6,6.2,6.2,6.3,6.3,6.1,6,6.3,6.3,6.3,6.1,6.3,6,6.4,6.1,6.2
RCP4.5,	RENFREW,6.5,6.7,6.7,6.3,6.5,6.5,6.7,6.6,6.8,6.7,6.7,6.6,6.6,6.7,6.4,6.6,6.7,6.6,6.6,6.7,6.7,6.8,6.7,6.8,6.7,6.7,6.7,6.6,6.8,6.6,6.9,6.8,6.8,6.8,6.7,6.9,6.7,6.8,6.5,7,6.8,7,6.8,6.8,6.9,6.7,7.1,7,6.6,6.7,6.9,7,6.8,6.7,7,6.9,6.9,7,7.1,6.8,6.9,6.9,6.8,6.9,6.9,7,6.8,6.8,7,6.7,7.1,6.8,6.8,7.1,7.3,7.1,7.2,7,7.2,6.9,7.3,6.9,7.3,7.3,7.3,6.8,7.1,7.1,7,7,7,6.9,7,7.1,7.2,6.9,7.1,7.1,6.9,7,7.1,7,7.1,7,6.9,7,7,7,7.1,7.1,7,7.1,7,7,6.9,6.8,7.1,6.9,7.1
RCP4.5,	SIMCOE,6.3,6.6,6.4,6.3,6.2,6.4,6.6,6.6,6.7,6.6,6.4,6.5,6.4,6.5,6.2,6.4,6.5,6.5,6.5,6.5,6.6,6.5,6.4,6.6,6.6,6.6,6.5,6.3,6.6,6.4,6.6,6.5,6.6,6.6,6.7,6.7,6.6,6.6,6.4,6.7,6.7,7,6.6,6.7,6.8,6.5,6.8,6.7,6.4,6.6,6.8,6.8,6.6,6.5,6.8,6.6,6.8,6.8,6.9,6.6,6.6,6.6,6.6,6.8,6.9,6.8,6.8,6.7,6.7,6.3,6.8,6.7,6.6,7,7.2,6.9,6.8,6.8,7,6.6,7,6.8,7.1,7.1,7.2,6.6,6.9,6.9,6.9,6.8,6.8,6.8,6.8,6.9,7,6.6,6.8,6.9,6.6,6.8,6.9,6.8,6.8,6.8,6.7,6.8,6.9,6.8,6.8,6.7,6.7,6.8,6.7,6.9,7,6.7,7,6.7,6.9
RCP4.5,	STORMONT-DUNDASandGL,6.5,6.8,6.7,6.4,6.6,6.5,6.9,6.7,6.8,6.8,6.6,6.7,6.7,6.9,6.4,6.6,6.7,6.8,6.7,6.7,6.7,6.8,6.7,6.9,6.9,6.7,6.7,6.5,6.9,6.8,6.8,7,6.9,7,6.7,7,6.7,6.9,6.6,7,6.8,7.2,6.8,6.7,7.1,6.8,7.1,7.1,6.7,6.7,7,6.9,6.8,6.8,7,6.8,7,7,7,6.9,6.9,6.9,6.9,7,7,7.1,6.9,6.9,7,6.8,7.2,6.9,6.8,7.2,7.2,7.1,7.2,7.2,7.3,7.1,7.5,6.9,7.4,7.3,7.4,6.9,7.3,7.1,6.9,7,6.9,7,7.1,7.1,7.4,7,7.1,7.3,6.7,7,7.2,7,7.1,7,7.1,7,7.1,7.1,7.2,7.1,7,7.3,7.2,7.2,7.1,6.9,7.1,7,7.1
RCP4.5,	SUDBURY,5.9,5.9,5.9,5.7,5.7,5.9,6,5.9,5.9,6.1,6,5.9,5.9,6.1,5.8,6.1,6,5.8,5.9,5.9,6.1,6,5.9,6,6,6,5.9,5.9,6.1,5.9,6.1,6.1,6.1,5.9,6,6,6,6.1,5.9,6.1,6,6.1,6,6.2,6.2,6.1,6.1,6.3,5.9,6.1,6.1,6.3,6.4,6.1,6.1,6.1,6.2,6.2,6.5,6.2,6,6.2,6.1,6.2,6.3,6.3,6.2,6.2,6.3,6.1,6.3,6.3,6.3,6.4,6.4,6.3,6.3,6.3,6.2,6.1,6.5,6.1,6.4,6.1,6.6,6.2,6.3,6.1,6.4,6.3,6.3,6.2,6.3,6.3,6.4,6.2,6.2,6.3,6.2,6.4,6.3,6.3,6.2,6.3,6.3,6.4,6.4,6.3,6,6.4,6.3,6.4,6.3,6.3,6.2,6.3,6.3,6.3,6.4
RCP4.5,	SUDBURY-REGION,6.3,6.3,6.4,6.1,6.1,6.2,6.4,6.3,6.4,6.7,6.5,6.3,6.3,6.5,6.2,6.5,6.4,6.1,6.3,6.4,6.7,6.4,6.3,6.5,6.4,6.4,6.3,6.4,6.6,6.3,6.6,6.6,6.6,6.4,6.4,6.5,6.5,6.5,6.3,6.5,6.4,6.5,6.4,6.7,6.7,6.5,6.6,6.7,6.3,6.6,6.5,6.9,6.8,6.4,6.6,6.5,6.7,6.6,6.9,6.7,6.5,6.6,6.6,6.6,6.6,6.7,6.6,6.8,6.8,6.4,6.7,6.7,6.7,6.9,6.8,6.8,6.8,6.8,6.7,6.5,7,6.7,6.9,6.7,7.2,6.5,6.8,6.6,6.9,6.8,6.9,6.6,6.7,6.7,7,6.6,6.7,6.7,6.6,6.8,6.7,6.8,6.6,6.8,6.6,6.9,6.9,6.7,6.5,6.8,6.7,6.7,6.7,6.7,6.7,6.6,6.8,6.6,6.9
RCP4.5,	THUNDER-BAY,5.7,5.8,5.7,5.6,5.6,5.8,5.8,5.7,5.8,5.9,5.7,5.7,5.8,5.9,5.8,5.8,6,5.8,5.9,5.8,5.9,5.7,5.7,5.9,5.9,5.9,5.8,5.9,5.8,5.9,5.7,5.7,5.9,5.8,6,5.9,5.8,5.9,5.8,6,5.8,6,6,5.9,6.1,6,6.1,6,5.9,6,5.9,6,6.1,5.9,5.9,5.8,6.1,6,6.2,6,5.8,6,5.9,6,6.2,6.1,6,6.1,6.2,6,6.1,6.2,6.1,6.3,6.1,6.2,6.1,6,5.8,6.1,6.2,6,6.2,6,6.1,6,6.2,6.1,6.1,6.1,6.1,6,6.2,6.2,6.3,6,6.2,6.1,6.2,6.4,6.3,6.1,6,6.5,6.1,6.2,6.2,6.2,6,6.1,6.2,6.2,6.3,6.1,6,6.1,6.1,6.1,6.1
RCP4.5,	TIMISKAMING,5.7,5.8,5.7,5.6,5.6,5.9,5.9,5.6,5.7,5.9,5.9,5.7,5.7,6,5.7,5.9,5.9,5.7,5.7,5.7,6,5.9,5.8,5.9,5.8,5.9,5.9,5.6,5.9,5.8,5.8,6,6,5.7,5.8,5.8,5.9,5.9,5.9,5.9,5.9,5.9,6,6,6.1,6,5.9,6.1,5.7,6,6,6.1,6.2,6,6,6,6.1,6.1,6.3,6,5.8,6,5.9,6,6.1,6.2,6,6.1,6.2,6,6.1,6.2,6.1,6.2,6.2,6.1,6.2,6.3,6,6.1,6.3,6,6.2,6,6.4,6,6.1,6,6.2,6.2,6.3,6,6.2,6.2,6.3,6,6.2,6.1,6.1,6.3,6.2,6.2,6.1,6.2,6.2,6.3,6.3,6.1,5.8,6.2,6.2,6.3,6.2,6.1,6.1,6.1,6.1,6.1,6.3
RCP4.5,	VICTORIA,6.7,7,6.7,6.6,6.5,6.7,7,6.8,7,6.9,6.7,6.8,6.7,6.9,6.5,6.6,6.9,6.8,6.8,6.9,6.9,6.9,6.7,7,6.8,6.9,6.8,6.6,6.9,6.8,7,6.9,7,6.9,7,7,6.9,6.9,6.6,7.1,7,7.3,6.9,7,7.1,6.7,7.1,7.1,6.8,6.9,7.1,7.1,6.9,6.8,7.1,7,7.1,7,7.3,7,7,7,6.9,7.1,7.1,7.1,7.2,7,7,6.7,7.2,7.1,6.9,7.3,7.4,7.2,7.2,7.1,7.4,7,7.4,7.1,7.5,7.4,7.5,7,7.2,7.3,7.1,7.2,7.2,7.1,7.1,7.1,7.3,7,7.2,7.3,7,7.2,7.2,7.1,7.2,7.1,7,7.1,7.2,7.2,7.2,7,7,7.2,7.1,7.2,7.2,7,7.2,7,7.2
RCP4.5,	WATERLOO,6.4,6.6,6.6,6.6,6.3,6.5,6.7,6.7,6.7,6.7,6.5,6.6,6.7,6.6,6.4,6.3,6.6,6.7,6.6,6.6,6.6,6.5,6.5,6.7,6.8,6.7,6.6,6.4,6.7,6.5,6.7,6.6,6.8,6.6,6.9,6.9,6.6,6.9,6.5,6.7,6.8,7.1,6.7,6.9,6.9,6.5,6.8,6.9,6.6,6.7,6.9,6.9,6.6,6.6,6.9,6.8,6.7,6.9,7.1,6.9,6.8,6.7,6.7,6.9,6.9,6.8,6.8,6.7,6.9,6.3,7,6.8,6.7,7.1,7.3,7.1,7.1,6.9,7.1,6.7,7.1,6.9,7.2,7.2,7.4,6.7,7.1,6.9,6.9,7,6.8,6.9,6.9,7,7,6.7,6.8,7,6.7,7,7.1,6.8,6.8,7,6.8,7,7,6.9,7,6.8,6.7,7,6.8,6.9,7,6.8,7.2,6.9,6.8
RCP4.5,	WELLINGTON,6.4,6.6,6.6,6.6,6.3,6.5,6.6,6.7,6.7,6.7,6.5,6.5,6.6,6.7,6.4,6.4,6.5,6.7,6.6,6.5,6.6,6.5,6.5,6.6,6.7,6.7,6.6,6.4,6.7,6.5,6.7,6.6,6.8,6.6,6.9,6.8,6.6,6.8,6.5,6.7,6.8,7.2,6.7,6.9,6.9,6.5,6.8,6.8,6.5,6.7,6.9,6.9,6.6,6.6,6.9,6.8,6.8,6.9,7,6.8,6.7,6.7,6.7,6.9,6.9,6.8,6.8,6.7,6.8,6.3,7,6.8,6.7,7.1,7.3,7,7,6.9,7.1,6.7,7.1,7,7.3,7.2,7.4,6.7,7,7,6.9,7,6.8,6.9,7,6.9,7,6.7,6.8,7,6.7,7,7,6.8,6.9,6.9,6.8,6.9,7,6.9,7,6.8,6.7,6.9,6.8,7,7.1,6.8,7.2,6.8,6.9
RCP4.5,	YORK,6.4,6.7,6.6,6.5,6.4,6.6,6.8,6.7,6.8,6.7,6.5,6.7,6.6,6.7,6.4,6.4,6.6,6.7,6.6,6.7,6.7,6.6,6.5,6.7,6.7,6.7,6.7,6.5,6.8,6.7,6.8,6.7,6.9,6.7,6.9,6.9,6.7,6.8,6.5,6.8,6.8,7.2,6.7,6.9,7,6.5,6.9,6.9,6.6,6.8,6.9,6.9,6.7,6.6,6.9,6.9,6.9,6.9,7.1,6.8,6.7,6.8,6.8,7,7,7,6.9,6.9,6.8,6.4,7.1,7,6.8,7.1,7.3,7.1,7.1,7,7.2,6.8,7.3,6.9,7.4,7.2,7.4,6.8,7.1,7.1,6.9,7,7,7,7,6.9,7,6.8,6.9,7.2,6.7,7.1,7,7,6.9,7,6.8,6.9,7,7,7,6.8,6.8,7,7,7,7.1,6.8,7.2,6.9,7
RCP6.0,	ALGOMA,6.1,6.1,6,6.1,6,6,6.4,6,6,6.3,6,6,6,6.1,6,6,6,6,6.1,6.1,6.2,6.2,6.1,6,6.2,6.4,6.2,6.4,6.3,6.5,6,6.3,6.3,6.4,6.4,6.1,6.2,6.1,6.2,6.2,6.3,6.1,6.2,6.3,6.2,6.4,6.3,6.3,6.2,6.2,6.2,6.1,6.4,6.3,6.4,6.7,6.4,6.3,6.2,6.5,6.3,6.4,6.4,6.5,6.3,6.3,6.4,6.3,6.4,6.5,6.4,6.4,6.5,6.6,6.4,6.5,6.3,6.4,6.7,6.5,6.5,6.4,6.3,6.6,6.4,6.3,6.5,6.5,6.5,6.5,6.6,6.5,6.6,6.4,6.8,6.5,6.4,6.5,6.6,6.6,6.6,6.7,6.5,6.4,6.8,6.5,6.7,6.7,6.4,6.7,6.9,6.4,6.6,6.6,6.8,6.5,6.7,6.7,6.5
RCP6.0,	BRANT,6.4,6.8,6.8,6.6,6.8,6.6,7,6.9,6.7,7.1,6.9,6.7,6.7,6.6,6.6,6.6,6.6,6.9,7,6.7,7.1,7.1,6.8,7,6.8,7,6.8,7,7,7.1,6.9,6.7,6.8,7.1,7,6.8,7.4,7,6.9,6.9,6.9,6.9,7.1,7.4,6.8,7.2,7,6.8,7.1,7.1,7.1,7,7.1,6.8,7,7.3,7.3,6.5,7,7,7.1,7,7.6,7.3,7.2,7,7.3,7.1,7.2,7.3,7,7.1,7.3,7.1,7.2,7.1,7.4,7.2,7.4,7.3,7.4,7,7.1,7,6.7,7,7.2,7.2,7.5,7.1,6.9,7.4,7.2,7.3,7.6,7.4,7,7.5,7.4,7.1,7.7,7.6,7.1,6.9,7.1,7,7.5,7.4,7.6,7.4,7.7,7.3,7.5,7.2,7.5,7.6,7.4,7.5,7.4
RCP6.0,	BRUCE,5.6,5.9,6,5.7,5.8,5.8,6.1,6,6,6.3,6.1,5.9,5.7,5.8,5.7,5.7,5.7,5.9,6,5.9,6.3,6.3,6,6.1,5.9,6.1,6,6.3,6.1,6.1,6,5.9,6,6.1,6.1,6,6.4,6.1,5.9,6.2,6,6,6.3,6.2,6.1,6.2,6.1,5.9,6.1,6.3,6.1,6.2,6.2,5.9,6.2,6.4,6.4,5.8,6.2,6.2,6.2,6.2,6.5,6.3,6.2,6,6.3,6.1,6.4,6.4,6.3,6.3,6.6,6.1,6.3,6.2,6.5,6.3,6.6,6.3,6.5,6.3,6.2,6.1,5.8,6.1,6.4,6.5,6.3,6.3,6.1,6.5,6.6,6.4,6.5,6.6,6.2,6.6,6.5,6.2,6.7,6.6,6.3,6.1,6.3,6.1,6.7,6.5,6.5,6.6,6.5,6.3,6.5,6.4,6.6,6.6,6.7,6.6,6.5
RCP6.0,	COCHRANE,5.8,5.7,5.5,5.6,5.7,5.7,5.8,5.7,5.6,5.9,5.6,5.5,5.6,5.6,5.6,5.5,5.6,5.7,5.5,5.8,5.6,5.8,5.7,5.6,5.7,6,5.8,5.8,6,5.9,5.6,5.9,6,5.9,6,5.7,5.7,5.7,5.8,5.9,5.8,5.8,5.8,5.8,5.8,6,5.8,5.9,5.8,6,5.9,5.8,5.8,5.8,6,6,6,5.8,5.8,6,5.9,6.1,6,6,5.9,5.9,5.9,6,6.1,6,6,5.8,6,6.2,6,6,5.8,6.2,6.3,6.2,6.1,5.9,5.9,6.1,6,5.9,6.1,6.1,6.3,6.1,6.2,6.1,6.2,6,6.2,6,6,6.1,6.2,6.3,6.2,6.2,6.1,6.1,6.2,6,6.3,6.1,6.1,6.3,6.4,6,6.2,6,6.3,6,6.5,6.5,6
RCP6.0,	DUFFERIN,6.2,6.7,6.6,6.4,6.5,6.4,6.7,6.6,6.6,6.9,6.7,6.4,6.3,6.4,6.4,6.3,6.3,6.6,6.7,6.4,6.9,7,6.6,6.7,6.5,6.8,6.6,6.8,6.8,6.8,6.6,6.5,6.6,6.8,6.7,6.5,7.1,6.8,6.6,6.7,6.6,6.6,6.8,7,6.7,6.9,6.7,6.4,6.7,6.9,6.9,6.8,6.9,6.6,6.8,7.1,7,6.4,6.8,6.8,6.8,6.7,7.2,7,6.9,6.7,6.9,6.7,7,6.9,6.9,6.9,7.2,6.8,6.9,6.9,7.1,7,7.2,6.9,7.1,6.8,6.8,6.7,6.5,6.7,6.9,7,7.1,6.8,6.6,7,7.1,7,7.2,7.2,6.8,7.2,7.1,6.8,7.4,7.2,6.9,6.8,6.8,6.7,7.2,7.1,7.1,7.1,7.1,6.9,7.2,6.9,7.3,7.2,7.2,7.3,7.1
RCP6.0,	DURHAM,6.2,6.8,6.5,6.4,6.5,6.4,6.8,6.5,6.6,6.8,6.6,6.6,6.4,6.5,6.4,6.4,6.5,6.6,6.7,6.6,6.9,7.1,6.6,6.8,6.6,6.7,6.7,6.8,6.8,6.8,6.7,6.6,6.5,6.9,6.8,6.5,7.1,6.8,6.7,6.7,6.7,6.7,6.8,7.1,6.8,7,6.8,6.5,6.9,6.9,6.9,6.9,7,6.6,6.8,7.1,7.1,6.4,6.9,6.8,6.9,6.8,7.2,7,6.9,6.8,7.1,6.8,7,6.9,6.9,6.9,7.1,6.8,7,7,7.1,7,7.1,7,7.1,6.8,6.9,6.7,6.6,6.7,7,7,7.1,6.8,6.7,7.1,7,7,7.3,7.3,6.8,7.2,7.1,6.8,7.4,7.2,7,6.7,7,6.8,7.2,7.2,7.1,7.1,7.1,6.9,7.2,6.9,7.3,7.2,7.2,7.3,7.1
RCP6.0,	ELGIN,6.3,6.5,6.7,6.4,6.5,6.4,6.8,6.7,6.5,6.9,6.6,6.5,6.4,6.3,6.4,6.4,6.5,6.8,6.8,6.6,6.9,6.9,6.6,6.8,6.6,6.8,6.7,6.8,6.9,7,6.7,6.5,6.6,6.9,6.7,6.6,7.2,6.8,6.6,6.6,6.6,6.7,7,7.2,6.6,7.1,6.8,6.5,6.8,6.9,7,6.8,6.9,6.6,6.9,7,7.1,6.4,6.9,6.8,6.9,6.7,7.4,7.1,6.9,6.8,7.1,6.8,6.9,7.1,6.7,6.9,7.2,6.8,6.9,6.9,7.1,7,7.2,7.1,7.2,6.7,6.9,6.7,6.5,6.9,6.9,7,7.2,7,6.7,7.3,7.1,7.1,7.3,7.2,6.9,7.3,7.2,6.8,7.5,7.5,6.9,6.8,6.8,6.8,7.3,7.1,7.4,7.2,7.4,7,7.3,7.1,7.3,7.5,7.2,7.1,7.2
RCP6.0,	ESSEX,6.2,6.2,6.4,6.1,6.3,6.2,6.5,6.4,6.2,6.5,6.4,6.3,6.1,6.2,6.2,6.1,6.3,6.6,6.4,6.4,6.7,6.6,6.4,6.6,6.4,6.6,6.6,6.5,6.6,6.7,6.4,6.3,6.4,6.6,6.5,6.4,7,6.4,6.4,6.4,6.3,6.6,6.8,7,6.4,6.8,6.6,6.3,6.6,6.6,6.7,6.6,6.6,6.4,6.5,6.7,6.8,6.2,6.6,6.6,6.6,6.7,7.4,6.9,6.8,6.6,6.9,6.6,6.7,7,6.4,6.7,7.1,6.5,6.7,6.7,6.7,6.8,6.8,6.9,6.9,6.5,6.7,6.5,6.3,6.7,6.7,6.8,6.6,6.8,6.6,7.2,6.9,7,7,6.9,6.8,7.1,7,6.6,7.2,7.3,6.6,6.6,6.6,6.6,7.1,6.7,7.1,7,7.2,6.8,7,6.9,6.8,7.1,6.8,6.8,7
RCP6.0,	FRONTENAC,6.9,7.4,7.3,7.2,7.3,7.1,7.5,7.2,7.2,7.4,7.2,7.3,7.1,7.2,7.1,7,7.2,7.3,7.4,7.5,7.5,8,7.5,7.5,7.3,7.4,7.5,7.5,7.7,7.5,7.5,7.4,7.4,7.7,7.5,7.3,8,7.6,7.5,7.6,7.5,7.5,7.5,8,7.8,7.8,7.5,7.2,7.7,7.7,7.6,7.7,7.7,7.4,7.5,8,7.8,7.4,7.7,7.4,7.7,7.7,8.1,7.8,7.6,7.7,7.9,7.4,7.8,7.7,7.6,7.8,8,7.9,7.6,7.9,7.9,7.8,7.8,7.8,8,7.6,7.7,7.5,7.4,7.7,8.2,8,7.9,7.6,7.7,7.8,7.8,7.8,8.2,8.1,7.5,8,8,7.8,8.3,8.2,7.9,7.6,7.9,7.7,8.1,8,8,8,8,7.7,8.1,7.8,8.4,8.4,8.1,8.1,8
RCP6.0,	GREY,5.9,6.3,6.2,6,6.1,6.1,6.4,6.3,6.3,6.6,6.3,6.1,6,6,6,6,5.9,6.2,6.3,6.1,6.6,6.6,6.2,6.3,6.1,6.4,6.3,6.5,6.4,6.4,6.2,6.1,6.2,6.4,6.4,6.2,6.7,6.4,6.2,6.4,6.3,6.3,6.5,6.5,6.4,6.5,6.4,6.1,6.3,6.5,6.4,6.5,6.5,6.3,6.5,6.7,6.7,6.1,6.5,6.4,6.4,6.4,6.8,6.6,6.5,6.3,6.5,6.3,6.6,6.6,6.5,6.5,6.9,6.5,6.6,6.6,6.8,6.6,6.9,6.6,6.8,6.5,6.4,6.4,6.2,6.4,6.7,6.7,6.6,6.5,6.3,6.7,6.8,6.7,6.8,6.9,6.4,6.8,6.8,6.5,7,6.9,6.5,6.4,6.5,6.4,7,6.8,6.8,6.8,6.7,6.6,6.8,6.6,6.9,6.9,6.9,6.9,6.7
RCP6.0,	HALDIMAND-NORFOLK,6.2,6.5,6.6,6.3,6.5,6.3,6.8,6.6,6.4,6.8,6.6,6.4,6.5,6.3,6.4,6.4,6.4,6.7,6.8,6.5,6.8,6.9,6.6,6.8,6.5,6.7,6.6,6.8,6.8,6.9,6.6,6.5,6.5,6.8,6.7,6.5,7.1,6.7,6.6,6.6,6.6,6.6,6.8,7.2,6.6,7,6.8,6.6,6.9,6.8,6.9,6.7,6.9,6.6,6.8,7.1,7,6.3,6.8,6.7,6.9,6.8,7.3,7,6.9,6.8,7.1,6.8,6.9,7,6.7,6.8,7,6.8,6.9,6.9,7.1,7,7.1,7,7.2,6.7,6.9,6.7,6.4,6.8,6.9,7,7.1,6.9,6.8,7.2,7,7,7.3,7.2,6.7,7.2,7.1,6.8,7.4,7.4,6.8,6.7,6.8,6.8,7.2,7.1,7.3,7.2,7.4,7,7.2,7,7.3,7.4,7.1,7.2,7.2
RCP6.0,	HALIBURTON,6.5,6.9,6.6,6.4,6.6,6.4,7,6.8,6.8,6.9,6.6,6.6,6.4,6.7,6.5,6.5,6.5,6.7,6.7,6.8,7,7.2,6.8,7,6.6,6.9,6.8,7,7,7,6.7,6.6,6.8,7,6.8,6.7,7.2,6.9,6.8,7,6.8,6.8,7,7.1,7,7.2,6.9,6.6,6.8,7,7,7,7.1,6.8,6.9,7.3,7.2,6.6,7,6.9,6.9,7,7.3,7.1,7,7,7.2,6.9,7.1,7,7.1,7.1,7.4,7.1,7.1,7.1,7.2,7.1,7.2,7,7.2,6.9,7,7,6.8,6.8,7.4,7.3,7.2,6.9,6.9,7.2,7.2,7.1,7.4,7.4,7,7.3,7.3,7.1,7.5,7.5,7.2,6.9,7.2,7,7.4,7.4,7.2,7.3,7.1,7,7.3,7.1,7.3,7.4,7.4,7.4,7.2
RCP6.0,	HALTON,6.2,6.7,6.6,6.4,6.5,6.4,6.8,6.7,6.6,6.9,6.7,6.5,6.5,6.4,6.5,6.4,6.5,6.7,6.8,6.5,6.9,7,6.6,6.8,6.6,6.8,6.7,6.8,6.8,6.9,6.7,6.6,6.6,6.9,6.8,6.5,7.1,6.8,6.7,6.7,6.7,6.7,6.9,7.2,6.7,7,6.8,6.5,6.9,6.9,6.9,6.9,6.9,6.6,6.8,7.1,7,6.4,6.8,6.8,6.9,6.7,7.3,7.1,6.9,6.8,7.1,6.8,7,7,6.9,6.9,7.1,6.9,6.9,6.9,7.2,7,7.2,7.1,7.2,6.8,6.9,6.8,6.5,6.8,7,7,7.2,6.9,6.7,7.1,7.1,7,7.2,7.3,6.8,7.2,7.1,6.9,7.5,7.3,6.9,6.8,6.9,6.8,7.3,7.1,7.3,7.2,7.3,7,7.3,6.9,7.3,7.3,7.2,7.3,7.1
RCP6.0,	HAMILTON-WENTWORTH,6.3,6.7,6.7,6.5,6.7,6.5,6.9,6.8,6.6,7,6.8,6.6,6.6,6.5,6.6,6.5,6.6,6.9,7,6.6,7,7.1,6.7,6.9,6.7,6.9,6.8,6.9,6.9,7.1,6.8,6.7,6.7,7,6.9,6.7,7.3,6.8,6.8,6.8,6.8,6.8,7,7.3,6.7,7.1,6.9,6.7,7,7,7,6.9,7,6.7,6.9,7.2,7.1,6.4,6.9,6.9,7.1,6.9,7.4,7.2,7.1,6.9,7.2,6.9,7.1,7.2,6.9,7,7.2,7,7.1,7,7.3,7.2,7.3,7.2,7.3,6.9,7,6.9,6.6,6.9,7.1,7.1,7.4,7,6.9,7.3,7.1,7.2,7.4,7.4,6.9,7.4,7.2,6.9,7.6,7.5,7,6.8,7,6.9,7.4,7.2,7.5,7.4,7.6,7.2,7.4,7,7.4,7.5,7.3,7.4,7.3
RCP6.0,	HASTINGS,6.8,7.3,7.1,7,7.1,6.9,7.4,7.1,7.2,7.3,7,7.1,7,7.1,6.9,6.9,7,7.2,7.2,7.3,7.4,7.8,7.3,7.5,7.1,7.3,7.4,7.4,7.5,7.4,7.3,7.2,7.2,7.5,7.3,7.1,7.8,7.4,7.3,7.4,7.3,7.4,7.4,7.7,7.6,7.7,7.4,7,7.4,7.6,7.5,7.6,7.5,7.2,7.4,7.8,7.7,7.2,7.6,7.3,7.5,7.5,7.9,7.7,7.4,7.5,7.7,7.3,7.7,7.5,7.5,7.6,7.9,7.7,7.5,7.7,7.7,7.7,7.7,7.5,7.8,7.4,7.5,7.4,7.3,7.4,7.9,7.8,7.7,7.4,7.4,7.7,7.7,7.6,8,8,7.4,7.8,7.8,7.6,8.1,8,7.7,7.4,7.7,7.6,7.9,7.9,7.8,7.8,7.8,7.5,7.9,7.6,8,7.9,7.9,7.9,7.9
RCP6.0,	HURON,6,6.2,6.4,6.1,6.2,6.2,6.5,6.4,6.2,6.6,6.4,6.2,6,6.1,6.1,6,6.1,6.3,6.4,6.2,6.7,6.7,6.3,6.4,6.3,6.5,6.3,6.6,6.5,6.5,6.4,6.2,6.3,6.5,6.5,6.2,6.8,6.5,6.3,6.4,6.3,6.3,6.6,6.7,6.4,6.6,6.5,6.2,6.5,6.6,6.5,6.6,6.6,6.3,6.5,6.7,6.8,6.1,6.5,6.5,6.5,6.4,7,6.7,6.5,6.4,6.6,6.4,6.7,6.7,6.5,6.6,6.9,6.5,6.5,6.6,6.9,6.6,7,6.7,6.9,6.5,6.6,6.4,6.1,6.5,6.6,6.8,6.8,6.6,6.4,6.8,6.9,6.7,6.9,6.9,6.5,6.9,6.9,6.5,7.1,7,6.6,6.5,6.5,6.4,7.1,6.8,6.9,7,7,6.6,6.9,6.7,6.9,7.1,6.9,6.9,6.8
RCP6.0,	Island-county-stat,5.9,6.1,6.1,5.9,5.9,6,6.3,6.1,6,6.3,6.1,6,6,6,6,6,6,6,6,6.2,6.3,6.3,6.1,6.2,6.1,6.2,6.2,6.3,6.2,6.4,6.1,6.1,6.2,6.3,6.3,6.1,6.3,6.2,6.2,6.3,6.2,6.2,6.3,6.3,6.3,6.3,6.3,6.2,6.3,6.3,6.3,6.1,6.4,6.1,6.3,6.6,6.5,6.1,6.2,6.3,6.4,6.4,6.5,6.4,6.3,6.2,6.4,6.4,6.4,6.4,6.4,6.4,6.6,6.4,6.3,6.4,6.3,6.4,6.6,6.5,6.4,6.4,6.4,6.5,6.2,6.4,6.6,6.5,6.4,6.4,6.4,6.6,6.6,6.5,6.7,6.6,6.4,6.6,6.6,6.5,6.8,6.7,6.5,6.4,6.6,6.6,6.7,6.6,6.5,6.7,6.7,6.4,6.6,6.6,6.7,6.6,6.7,6.6,6.5
RCP6.0,	KENORA,5.5,5.3,5.3,5.3,5.3,5.4,5.4,5.4,5.5,5.5,5.4,5.2,5.4,5.3,5.4,5.3,5.6,5.4,5.4,5.3,5.3,5.4,5.4,5.3,5.6,5.6,5.6,5.4,5.7,5.7,5.4,5.5,5.8,5.5,5.4,5.3,5.3,5.4,5.4,5.4,5.5,5.6,5.6,5.5,5.6,5.4,5.6,5.4,5.8,5.6,5.7,5.5,5.3,5.5,5.7,5.6,5.5,5.5,5.7,5.6,5.6,5.6,5.6,5.5,5.4,5.6,5.6,5.8,5.6,5.4,5.4,5.6,5.6,5.8,5.5,5.7,5.7,5.8,5.5,5.6,5.8,5.5,5.7,5.7,5.6,5.6,5.6,5.7,5.6,5.6,5.8,5.6,5.9,5.7,5.7,5.6,5.7,5.8,5.7,5.9,5.8,5.8,5.9,5.8,5.6,5.6,5.7,5.9,5.8,5.7,5.8,5.7,5.8,5.6,5.9,5.6,6,5.9,5.7
RCP6.0,	KENT,6.4,6.5,6.7,6.4,6.6,6.5,6.8,6.7,6.5,6.8,6.6,6.6,6.5,6.5,6.5,6.4,6.6,6.9,6.8,6.7,7,6.9,6.6,6.9,6.7,6.9,6.8,6.8,7,7.1,6.7,6.6,6.7,6.9,6.8,6.7,7.2,6.8,6.7,6.7,6.7,6.8,7.1,7.3,6.6,7.1,6.9,6.6,6.9,6.8,7,7,6.9,6.7,6.8,7.1,7.2,6.5,6.9,6.9,7,6.8,7.6,7.2,7,6.8,7.1,7,7,7.2,6.7,7,7.3,6.8,7,7.1,7,7.1,7.1,7.2,7.2,6.7,7,6.8,6.5,7,7,7.1,7,7.1,6.8,7.4,7.2,7.3,7.3,7.1,7,7.3,7.3,6.8,7.5,7.6,6.8,6.9,6.9,6.9,7.3,7.1,7.4,7.4,7.4,7,7.3,7.1,7.1,7.5,7.2,7.1,7.3
RCP6.0,	LAMBTON,6.3,6.4,6.6,6.3,6.4,6.4,6.7,6.6,6.4,6.8,6.5,6.4,6.3,6.3,6.3,6.3,6.4,6.7,6.7,6.5,7,6.9,6.5,6.7,6.5,6.7,6.6,6.8,6.8,6.8,6.6,6.4,6.5,6.8,6.7,6.5,7.1,6.6,6.5,6.6,6.6,6.6,6.9,7.1,6.5,6.9,6.8,6.4,6.7,6.7,6.9,6.9,6.8,6.5,6.7,6.9,7,6.4,6.7,6.7,6.8,6.6,7.4,7,6.8,6.6,6.9,6.8,6.9,7,6.6,6.8,7.2,6.7,6.7,6.8,6.9,7,7.1,7,7.1,6.6,6.9,6.7,6.4,6.7,6.8,6.9,6.9,6.9,6.6,7.1,7.1,7,7.1,6.9,6.9,7.1,7.2,6.7,7.4,7.4,6.7,6.8,6.7,6.7,7.3,6.9,7.2,7.2,7.2,6.8,7.2,6.9,7,7.4,7,7,7.1
RCP6.0,	LANARK,6.7,7.1,7.1,6.8,7,6.8,7.2,7,7,7.2,6.8,7.1,6.8,6.9,6.8,6.7,7,7.1,7.2,7.3,7.3,7.7,7.2,7.3,7,7.2,7.3,7.3,7.4,7.2,7.2,7.1,7.2,7.4,7.2,7.1,7.7,7.3,7.2,7.3,7.3,7.2,7.2,7.7,7.5,7.6,7.3,7,7.3,7.4,7.3,7.4,7.4,7.2,7.2,7.7,7.5,7.1,7.4,7.2,7.5,7.5,7.8,7.5,7.3,7.5,7.7,7.2,7.6,7.4,7.4,7.5,7.8,7.6,7.4,7.6,7.7,7.6,7.6,7.5,7.7,7.4,7.4,7.3,7.2,7.4,7.9,7.7,7.5,7.4,7.5,7.5,7.5,7.6,7.8,7.8,7.4,7.6,7.7,7.5,8.1,7.9,7.6,7.4,7.5,7.5,7.8,7.7,7.7,7.8,7.7,7.5,7.8,7.5,8.2,8.1,7.8,7.8,7.8
RCP6.0,	LEEDSandGRENVILLE,6.7,7.2,7.1,7,7.1,6.9,7.3,7,7.1,7.2,6.9,7.1,7,7,6.9,6.8,7.1,7.1,7.3,7.3,7.3,7.8,7.3,7.3,7.1,7.2,7.4,7.4,7.4,7.3,7.2,7.2,7.2,7.5,7.3,7.2,7.8,7.4,7.3,7.3,7.3,7.3,7.3,7.8,7.6,7.6,7.4,7.1,7.5,7.6,7.3,7.4,7.4,7.3,7.3,7.8,7.6,7.3,7.5,7.3,7.6,7.6,7.9,7.6,7.4,7.6,7.8,7.3,7.6,7.5,7.4,7.5,7.7,7.6,7.4,7.7,7.8,7.6,7.6,7.6,7.8,7.5,7.5,7.3,7.2,7.5,8,7.8,7.6,7.4,7.5,7.6,7.6,7.7,7.9,7.9,7.4,7.7,7.9,7.5,8.1,8,7.7,7.5,7.7,7.5,7.9,7.8,7.8,7.8,7.8,7.5,7.9,7.6,8.3,8.2,8,7.8,7.8
RCP6.0,	LENNOXandADDINGTON,6.9,7.3,7.2,7,7.2,7,7.4,7.1,7.1,7.4,7.1,7.2,7,7.1,7,6.9,7.1,7.2,7.3,7.4,7.4,7.9,7.4,7.5,7.1,7.3,7.4,7.5,7.6,7.5,7.4,7.2,7.3,7.6,7.4,7.1,7.9,7.5,7.4,7.5,7.4,7.4,7.4,7.9,7.7,7.7,7.4,7.1,7.5,7.7,7.5,7.6,7.6,7.3,7.4,7.9,7.7,7.3,7.6,7.4,7.6,7.6,8,7.7,7.5,7.6,7.8,7.3,7.7,7.6,7.5,7.6,7.9,7.8,7.6,7.8,7.8,7.8,7.7,7.7,7.9,7.5,7.6,7.4,7.3,7.5,8,7.9,7.8,7.5,7.5,7.7,7.7,7.7,8.1,8,7.5,7.9,7.9,7.7,8.2,8.1,7.8,7.5,7.8,7.6,8,7.9,7.9,7.9,7.9,7.6,8,7.7,8.2,8.2,8,8,8
RCP6.0,	MANITOULIN,5.5,5.8,5.8,5.5,5.5,5.7,6.3,6,5.8,6.1,6,5.9,5.6,5.7,5.7,5.6,5.5,5.7,5.6,5.9,6.3,6,5.8,6,5.6,5.9,5.9,6.1,5.9,6.1,5.8,5.8,5.8,5.9,6.1,5.8,6.2,5.9,5.9,6,5.8,5.9,6.2,5.9,6.1,6.1,6.2,5.9,5.9,6.1,5.9,5.9,6.3,5.7,6.1,6.4,6.2,5.8,5.9,6,6.1,6.2,6.1,6.1,6,5.9,6.3,6,6.2,6.2,6.2,6.2,6.4,6.1,6.1,6,6.1,6,6.4,6.3,6.1,6.3,6.1,6.1,5.8,6.1,6.5,6.4,6.1,6.2,6.1,6.4,6.3,6.3,6.4,6.6,6.1,6.4,6.3,6.2,6.6,6.5,6.2,6.1,6.4,6.3,6.5,6.4,6.1,6.5,6.4,6,6.3,6.4,6.3,6.5,6.5,6.4,6.3
RCP6.0,METROPOLITAN-TORONTO,6.2,6.7,6.5,6.4,6.4,6.3,6.7,6.6,6.6,6.7,6.6,6.5,6.4,6.4,6.4,6.4,6.5,6.6,6.7,6.5,6.8,7,6.5,6.7,6.6,6.7,6.7,6.7,6.8,6.8,6.7,6.5,6.5,6.9,6.8,6.4,7,6.7,6.7,6.7,6.7,6.6,6.8,7.1,6.7,7,6.7,6.4,6.9,6.8,6.9,6.9,6.9,6.5,6.7,7.1,7,6.4,6.8,6.8,6.8,6.7,7.2,7,6.9,6.7,7,6.8,7,6.9,6.9,6.9,7,6.8,6.9,7,7.1,7.1,7.1,7,7,6.8,6.8,6.7,6.6,6.8,7,7,7.1,6.8,6.6,7,7,6.9,7.2,7.2,6.7,7.2,7.1,6.8,7.4,7.1,6.9,6.7,6.9,6.7,7.2,7.1,7.1,7.1,7.2,6.9,7.2,6.8,7.3,7.2,7.2,7.2,7.1
RCP6.0,	MIDDLESEX,6.4,6.6,6.7,6.5,6.6,6.6,6.9,6.8,6.5,7,6.7,6.6,6.5,6.5,6.5,6.5,6.6,6.8,6.9,6.6,7.1,7,6.7,6.8,6.7,6.9,6.7,7,7,7,6.7,6.6,6.7,6.9,6.8,6.7,7.3,6.9,6.7,6.8,6.7,6.8,7.1,7.3,6.7,7.1,6.9,6.6,6.9,6.9,7,7,7,6.6,6.9,7.1,7.2,6.5,6.9,6.9,7,6.8,7.5,7.2,7,6.8,7.1,6.9,7,7.2,6.8,7,7.3,6.9,6.9,7,7.2,7.1,7.3,7.2,7.3,6.8,7,6.8,6.5,6.9,7,7.1,7.2,7,6.7,7.3,7.3,7.2,7.3,7.2,7,7.3,7.3,6.9,7.6,7.6,6.9,6.9,6.9,6.8,7.4,7.2,7.4,7.4,7.4,7,7.3,7.1,7.3,7.6,7.2,7.3,7.3
RCP6.0,	MUSKOKA,6.1,6.5,6.3,6.2,6.2,6.2,6.7,6.5,6.5,6.7,6.3,6.3,6.1,6.3,6.2,6.2,6.1,6.3,6.4,6.4,6.7,6.8,6.5,6.7,6.3,6.6,6.6,6.7,6.7,6.6,6.4,6.3,6.4,6.6,6.5,6.4,6.9,6.6,6.5,6.7,6.5,6.5,6.7,6.8,6.6,6.8,6.6,6.4,6.5,6.7,6.6,6.7,6.8,6.5,6.6,7,6.9,6.3,6.7,6.6,6.6,6.6,7,6.7,6.7,6.6,6.9,6.5,6.8,6.8,6.8,6.8,7.1,6.8,6.9,6.8,6.9,6.8,7,6.7,6.9,6.7,6.7,6.7,6.5,6.5,7.1,7,6.8,6.7,6.6,6.9,6.9,6.8,7,7.2,6.6,7,7,6.8,7.2,7.1,6.8,6.6,6.9,6.7,7.1,7.1,6.9,7,6.8,6.7,6.9,6.8,7,7.1,7.1,7.1,6.9
RCP6.0,	NIAGARA,6.1,6.5,6.4,6.3,6.4,6.3,6.7,6.5,6.4,6.6,6.4,6.4,6.5,6.3,6.3,6.3,6.4,6.6,6.8,6.4,6.7,6.9,6.5,6.8,6.5,6.6,6.6,6.6,6.7,6.9,6.6,6.5,6.5,6.8,6.6,6.4,7,6.6,6.6,6.5,6.6,6.6,6.7,7,6.5,6.9,6.7,6.6,6.8,6.7,6.7,6.7,6.8,6.4,6.7,7.1,6.9,6.3,6.7,6.7,6.9,6.7,7,6.9,6.8,6.7,7,6.7,6.8,6.9,6.6,6.8,6.9,6.8,6.8,6.9,7,6.9,6.9,7,7.1,6.6,6.8,6.6,6.4,6.7,6.8,6.8,7,6.8,6.7,7.2,6.8,6.9,7.2,7.1,6.6,7,7,6.7,7.3,7.2,6.7,6.5,6.8,6.7,7.1,7,7.2,7.1,7.4,6.9,7.1,6.8,7.2,7.3,7,7,7
RCP6.0,	NIPISSING,6.1,6.3,6.2,6,6.1,6,6.6,6.3,6.3,6.5,6.1,6.2,6,6.3,6.2,6.2,6.1,6.1,6.2,6.3,6.6,6.5,6.3,6.4,6.2,6.4,6.4,6.5,6.4,6.5,6.2,6.3,6.4,6.5,6.4,6.3,6.7,6.4,6.2,6.4,6.3,6.4,6.5,6.5,6.5,6.5,6.4,6.4,6.4,6.4,6.5,6.5,6.7,6.4,6.4,6.8,6.7,6.2,6.4,6.4,6.4,6.5,6.7,6.6,6.5,6.4,6.8,6.4,6.6,6.5,6.7,6.7,6.9,6.6,6.6,6.5,6.5,6.7,6.7,6.5,6.7,6.6,6.6,6.6,6.4,6.5,6.8,6.8,6.6,6.7,6.5,6.7,6.7,6.8,6.9,7,6.6,6.6,6.8,6.7,7,7.1,6.6,6.4,6.8,6.7,6.9,6.9,6.7,6.8,6.8,6.5,6.7,6.7,6.8,6.8,6.9,6.9,6.7
RCP6.0,	NORTHUMBERLAND,6.4,6.9,6.7,6.6,6.7,6.5,7,6.7,6.7,6.9,6.7,6.7,6.6,6.6,6.6,6.5,6.6,6.8,6.8,6.9,7,7.3,6.9,7,6.7,6.8,6.9,7,7,7,6.9,6.7,6.8,7.1,6.9,6.7,7.3,7,6.9,6.9,6.9,6.9,6.9,7.3,7.1,7.2,7,6.7,7.1,7.2,7.1,7.1,7.2,6.7,7,7.3,7.2,6.7,7.2,6.9,7.1,7.1,7.5,7.3,7.1,7.1,7.3,6.9,7.3,7.2,7.1,7,7.4,7.2,7.1,7.2,7.3,7.2,7.3,7.2,7.5,7.1,7.1,6.9,6.7,7,7.3,7.3,7.3,7.1,7,7.4,7.3,7.2,7.6,7.6,7,7.5,7.5,7.1,7.6,7.4,7.3,6.9,7.3,7.1,7.5,7.5,7.4,7.4,7.4,7.1,7.5,7.2,7.6,7.5,7.5,7.5,7.5
RCP6.0,	OTTAWA-CARLTON,6.5,6.8,6.9,6.6,6.7,6.6,7,6.7,6.7,7,6.6,6.9,6.6,6.7,6.6,6.5,6.8,6.9,7.1,7,7,7.4,7,7.1,6.8,7,7.1,7.1,7.2,7,7,7,7,7.1,7,6.9,7.5,7.1,7,7.1,7,6.9,7,7.5,7.2,7.4,7.1,6.9,7.1,7.2,7.1,7.2,7.1,7.1,7.1,7.5,7.3,6.9,7.2,7,7.3,7.4,7.6,7.4,7.1,7.3,7.6,7,7.4,7.2,7.2,7.3,7.6,7.3,7.3,7.4,7.5,7.4,7.4,7.3,7.5,7.3,7.2,7.1,7,7.2,7.7,7.5,7.3,7.2,7.3,7.3,7.3,7.4,7.7,7.6,7.2,7.4,7.6,7.3,7.8,7.7,7.4,7.2,7.4,7.3,7.6,7.5,7.4,7.6,7.4,7.3,7.5,7.3,8,7.8,7.7,7.6,7.6
RCP6.0,	OXFORD,6.5,6.8,6.8,6.6,6.8,6.7,7.1,6.9,6.7,7.1,6.9,6.7,6.7,6.6,6.6,6.6,6.7,6.9,7,6.8,7.2,7.2,6.8,7,6.8,7.1,6.8,7.1,7.1,7.2,6.9,6.7,6.9,7.1,7,6.8,7.4,7,6.9,6.9,6.9,6.9,7.2,7.5,6.9,7.3,7,6.7,7.1,7.1,7.2,7,7.1,6.8,7.1,7.3,7.3,6.6,7.1,7,7.2,7,7.6,7.3,7.2,7,7.3,7,7.2,7.3,7,7.1,7.4,7,7.1,7.1,7.4,7.3,7.5,7.4,7.4,7,7.1,7,6.7,7,7.2,7.3,7.5,7.1,6.9,7.4,7.3,7.3,7.5,7.4,7.1,7.5,7.4,7.1,7.7,7.7,7.1,7,7,7,7.6,7.4,7.6,7.5,7.6,7.2,7.5,7.2,7.5,7.7,7.4,7.5,7.5
RCP6.0,	PARRY-SOUND,6.1,6.4,6.3,6.1,6.1,6.1,6.7,6.4,6.4,6.6,6.3,6.3,6,6.3,6.3,6.2,6.1,6.2,6.2,6.4,6.7,6.6,6.4,6.5,6.2,6.5,6.5,6.6,6.5,6.6,6.3,6.3,6.4,6.5,6.5,6.3,6.8,6.5,6.4,6.5,6.4,6.5,6.6,6.6,6.6,6.7,6.5,6.4,6.4,6.5,6.5,6.6,6.8,6.4,6.4,6.9,6.8,6.3,6.5,6.5,6.5,6.6,6.8,6.6,6.6,6.4,6.8,6.5,6.7,6.7,6.8,6.7,7,6.6,6.7,6.6,6.7,6.7,6.9,6.7,6.8,6.7,6.7,6.6,6.4,6.5,6.9,7,6.7,6.7,6.5,6.8,6.9,6.8,6.9,7.2,6.7,6.9,6.9,6.7,7.1,7.1,6.8,6.5,6.9,6.8,7,7,6.7,6.9,6.8,6.6,6.8,6.8,6.9,6.9,6.9,7,6.8
RCP6.0,	PEEL,6.3,6.8,6.6,6.5,6.5,6.4,6.8,6.7,6.7,6.9,6.7,6.5,6.5,6.5,6.5,6.4,6.5,6.7,6.8,6.5,7,7.1,6.6,6.8,6.7,6.9,6.8,6.9,6.9,6.9,6.7,6.6,6.6,6.9,6.8,6.6,7.2,6.8,6.7,6.8,6.8,6.7,6.9,7.2,6.8,7,6.8,6.5,6.9,6.9,7,7,7,6.7,6.9,7.2,7.1,6.5,6.8,6.9,6.9,6.8,7.3,7.1,6.9,6.8,7.1,6.9,7.1,7,6.9,7,7.2,6.9,7,7,7.3,7.1,7.3,7.1,7.2,6.9,7,6.8,6.6,6.8,7.1,7.1,7.2,6.9,6.7,7.1,7.2,7.1,7.3,7.3,6.8,7.3,7.2,6.9,7.5,7.3,7,6.9,7,6.8,7.3,7.2,7.2,7.3,7.3,7,7.3,7,7.4,7.3,7.3,7.4,7.2
RCP6.0,	PERTH,6.2,6.5,6.6,6.3,6.5,6.5,6.8,6.7,6.5,6.9,6.7,6.4,6.3,6.4,6.3,6.3,6.4,6.6,6.7,6.5,6.9,6.9,6.6,6.7,6.5,6.8,6.6,6.9,6.8,6.9,6.6,6.5,6.6,6.8,6.7,6.5,7.1,6.8,6.6,6.7,6.6,6.6,6.9,7.1,6.6,6.9,6.8,6.5,6.8,6.8,6.9,6.8,6.9,6.5,6.8,7,7.1,6.3,6.8,6.8,6.8,6.7,7.3,7,6.8,6.7,7,6.7,6.9,7,6.7,6.8,7.2,6.8,6.8,6.9,7.1,7,7.2,7,7.1,6.8,6.8,6.7,6.4,6.7,6.9,7.1,7.1,6.9,6.6,7.1,7.1,7,7.2,7.1,6.8,7.2,7.1,6.8,7.4,7.4,6.9,6.8,6.8,6.7,7.3,7.1,7.2,7.2,7.3,6.9,7.2,6.9,7.2,7.4,7.1,7.2,7.1
RCP6.0,	PETERBOROUGH,6.7,7.3,7,6.8,7,6.8,7.2,7,7.1,7.2,6.9,7,6.8,6.9,6.8,6.8,6.8,7,7.1,7.1,7.3,7.6,7.1,7.4,7,7.1,7.2,7.3,7.3,7.3,7.1,7,7.1,7.4,7.2,6.9,7.5,7.3,7.2,7.2,7.2,7.2,7.3,7.5,7.4,7.5,7.2,6.9,7.3,7.4,7.4,7.4,7.4,7.1,7.2,7.6,7.5,7,7.4,7.2,7.3,7.3,7.7,7.5,7.3,7.3,7.5,7.2,7.5,7.4,7.4,7.4,7.6,7.4,7.4,7.5,7.6,7.5,7.6,7.4,7.6,7.3,7.4,7.2,7.1,7.2,7.7,7.6,7.5,7.3,7.2,7.6,7.5,7.4,7.8,7.8,7.2,7.7,7.6,7.4,7.9,7.7,7.5,7.2,7.5,7.4,7.7,7.8,7.6,7.7,7.5,7.3,7.7,7.4,7.8,7.7,7.8,7.8,7.6
RCP6.0,	PRESCOTTandRUSSELL,6.5,6.7,6.8,6.6,6.6,6.5,6.9,6.6,6.6,6.9,6.5,6.8,6.5,6.5,6.6,6.4,6.7,6.8,7,6.9,6.9,7.3,6.9,7,6.7,6.8,7,7,7,6.8,6.9,6.9,6.9,7.1,6.9,6.9,7.4,6.9,6.9,7,6.9,6.8,6.9,7.4,7.1,7.2,7,6.9,7.1,7.1,6.9,7.1,7,7,7,7.3,7.2,6.9,7,6.9,7.2,7.3,7.4,7.2,6.9,7.2,7.4,7,7.2,7.1,7.1,7.2,7.5,7.2,7.2,7.3,7.4,7.3,7.3,7.2,7.4,7.1,7.1,7,6.9,7.1,7.5,7.4,7.2,7.1,7.2,7.3,7.2,7.3,7.6,7.5,7.1,7.3,7.4,7.1,7.7,7.6,7.3,7.1,7.2,7.1,7.5,7.5,7.3,7.4,7.4,7.1,7.4,7.2,7.9,7.7,7.6,7.3,7.4
RCP6.0,PRINCE-EDWARD,6.4,6.7,6.7,6.6,6.7,6.6,7,6.6,6.6,6.8,6.6,6.7,6.6,6.5,6.6,6.4,6.6,6.7,6.8,7,7,7.3,6.8,6.9,6.6,6.7,6.9,7,6.9,6.9,6.8,6.7,6.8,7.1,6.8,6.6,7.3,7,6.9,6.8,6.9,7,6.8,7.3,7.1,7.2,7,6.6,7,7.2,7,7.1,7.1,6.8,7,7.4,7.1,6.7,7.2,6.9,7.2,7.2,7.4,7.2,7,7.1,7.3,6.9,7.2,7.2,6.9,7,7.3,7.1,7,7.2,7.3,7.1,7.2,7.1,7.5,7,7.1,6.8,6.7,7.1,7.4,7.3,7.2,7,7.1,7.3,7.2,7.2,7.6,7.5,6.9,7.5,7.5,7.1,7.6,7.4,7.4,6.9,7.2,7,7.5,7.4,7.4,7.3,7.5,7.1,7.4,7.3,7.7,7.7,7.5,7.5,7.5
RCP6.0,	RAINY-RIVER,5.9,6,5.7,5.8,5.9,5.9,5.9,5.7,6,6.1,5.8,5.8,5.9,5.8,5.9,6.2,5.9,5.8,5.9,6.2,5.8,6,5.8,6,6.1,6.1,6.1,6.1,6.1,6.1,5.9,6,6.1,6.2,6.1,5.6,5.9,6.1,5.8,6.3,6.5,6.3,5.7,6.1,6.2,6.1,6.1,6.1,6.1,6,6.1,5.9,5.9,6,6.2,6.4,6.1,5.9,6,6,6.3,6.3,6.4,6,6.2,6.2,6.2,6.5,6.3,6,6.1,6.1,6.2,6.3,6,6.1,6,6.2,6.3,6.5,6.3,6.2,6.3,6.4,6.1,6.3,6.5,6.1,6.1,6.1,6.3,6.3,6.7,6.3,6.3,6.1,6.3,6.5,6.3,6.2,6.4,6.4,6.5,6.4,6.4,6.6,6.5,6.3,6.5,6.6,6.6,6.2,6.4,6.4,6.7,6.1,6.4,6.3,6.2
RCP6.0,	RENFREW,6.4,6.7,6.6,6.4,6.5,6.4,6.9,6.6,6.7,6.8,6.4,6.7,6.4,6.6,6.5,6.4,6.5,6.6,6.7,6.8,6.8,7.1,6.7,6.9,6.6,6.8,6.8,6.9,7,6.9,6.7,6.7,6.8,6.9,6.7,6.6,7.2,6.8,6.7,6.9,6.8,6.8,6.9,7.1,7,7.1,6.8,6.6,6.9,6.9,6.9,7,7,6.8,6.8,7.2,7,6.6,6.9,6.8,6.9,7,7.3,7.1,6.9,7,7.2,6.8,7.1,7,7,7.1,7.4,7.1,7.1,7.1,7.2,7.2,7.1,7,7.2,7,7,7,6.8,6.9,7.4,7.3,7.1,6.9,7,7.1,7.1,7.1,7.4,7.4,7,7.1,7.2,7.2,7.6,7.5,7.1,6.8,7.2,7.1,7.4,7.3,7.2,7.2,7.1,7,7.3,7,7.5,7.3,7.3,7.4,7.2
RCP6.0,	SIMCOE,6.1,6.7,6.4,6.3,6.4,6.3,6.6,6.5,6.6,6.8,6.5,6.4,6.2,6.4,6.3,6.3,6.2,6.4,6.5,6.4,6.8,6.9,6.5,6.7,6.4,6.7,6.6,6.8,6.7,6.7,6.5,6.4,6.5,6.7,6.6,6.4,7,6.7,6.5,6.7,6.6,6.6,6.8,6.9,6.7,6.9,6.6,6.4,6.7,6.8,6.8,6.8,6.8,6.5,6.7,7,7,6.4,6.7,6.7,6.7,6.7,7.1,6.9,6.8,6.6,6.9,6.7,6.9,6.9,6.8,6.8,7.1,6.8,6.9,6.9,7,6.9,7.1,6.9,7,6.7,6.8,6.6,6.5,6.6,7,7,7,6.7,6.6,7,7,6.9,7.1,7.2,6.7,7.1,7,6.8,7.2,7.1,6.8,6.7,6.8,6.7,7.1,7.1,6.9,7.1,6.9,6.8,7,6.8,7.2,7.1,7.1,7.1,7
RCP6.0,	STORMONT-DUNDASandGL,6.4,6.6,6.8,6.6,6.6,6.5,6.8,6.6,6.6,6.8,6.4,6.8,6.5,6.5,6.5,6.4,6.7,6.7,7,6.9,6.9,7.2,6.9,6.9,6.7,6.8,7,6.9,6.9,6.8,6.9,6.9,6.8,7,6.9,6.9,7.3,7,6.9,6.9,6.9,6.8,6.9,7.3,7.1,7.2,7,6.8,7,7.1,6.8,7,6.9,7,6.9,7.2,7.1,6.9,6.9,6.9,7.2,7.2,7.4,7.2,6.9,7.2,7.4,6.9,7.2,7.1,7,7.1,7.3,7.1,7.1,7.2,7.3,7.2,7.2,7.2,7.3,7.1,7,7,6.8,7.1,7.5,7.3,7.1,7.1,7.1,7.2,7.1,7.2,7.5,7.4,7,7.3,7.4,7.1,7.7,7.5,7.2,7.1,7.1,7.1,7.4,7.4,7.3,7.4,7.3,7,7.3,7.2,7.8,7.7,7.6,7.2,7.4
RCP6.0,	SUDBURY,5.9,5.9,5.9,6,5.8,5.9,6.3,5.9,5.9,6.2,5.9,5.9,5.8,6.1,5.9,5.9,5.8,5.8,5.8,5.9,6.2,6.1,5.9,5.9,6,6.2,6.1,6.3,6.1,6.3,5.9,6.1,6.1,6.2,6.2,5.9,6.1,6,6,6,6,5.9,6,6.2,6.2,6.2,6.1,6.2,6.1,6,6,6,6.4,6.1,6.1,6.5,6.3,6,5.9,6.2,6.2,6.2,6.2,6.2,6.1,6.1,6.3,6.2,6.2,6.2,6.2,6.3,6.5,6.3,6.2,6.3,6,6.2,6.5,6.2,6.3,6.2,6.2,6.4,6.1,6.2,6.3,6.4,6.4,6.4,6.3,6.3,6.5,6.4,6.6,6.5,6.3,6.3,6.5,6.4,6.5,6.6,6.3,6.2,6.6,6.4,6.5,6.5,6.2,6.5,6.6,6.1,6.3,6.5,6.5,6.4,6.5,6.5,6.3
RCP6.0,	SUDBURY-REGION,6.2,6.3,6.3,6.3,6.1,6.3,6.8,6.4,6.4,6.7,6.3,6.3,6.2,6.5,6.3,6.3,6.1,6.1,6.2,6.4,6.7,6.5,6.4,6.5,6.4,6.5,6.4,6.6,6.5,6.7,6.3,6.5,6.5,6.6,6.7,6.3,6.7,6.5,6.5,6.5,6.4,6.5,6.5,6.6,6.7,6.6,6.6,6.7,6.5,6.5,6.6,6.5,6.9,6.5,6.5,7,6.8,6.4,6.4,6.6,6.6,6.6,6.7,6.7,6.6,6.5,6.9,6.7,6.6,6.6,6.7,6.7,7,6.6,6.7,6.7,6.5,6.6,6.8,6.8,6.6,6.7,6.7,6.7,6.6,6.6,6.9,6.9,6.8,6.8,6.6,6.8,6.9,6.9,7,7.1,6.7,6.8,6.9,6.8,7.2,7.1,6.8,6.6,7,6.9,7,7,6.6,6.9,6.9,6.6,6.8,6.9,6.9,6.9,6.9,7.1,6.7
RCP6.0,	THUNDER-BAY,5.9,5.9,5.6,5.7,5.8,5.8,5.9,5.8,5.8,6,5.7,5.6,5.7,5.7,5.9,5.8,5.8,5.9,5.7,5.9,5.7,5.9,5.8,5.8,5.9,6.1,6.1,5.9,6.1,6.2,5.8,5.9,6,5.9,6.1,5.7,5.9,5.9,5.9,6.1,6.2,6,5.7,6,6,6,5.9,6,6.1,5.9,6,5.9,5.8,5.9,6.2,6.2,6.1,6.1,6,6.1,6.2,6.2,6.3,6.1,5.9,6.1,6.1,6.3,6.1,6,6.1,6.1,6.2,6.3,5.9,6,6,6.3,6.3,6.3,6.3,6.1,6.1,6.2,6.2,6.1,6.2,6,6.1,6,6.3,6.1,6.4,6.1,6.3,6.1,6.2,6.4,6.2,6.2,6.3,6.4,6.2,6.3,6.3,6.3,6.5,6.3,6.3,6.4,6.5,6.2,6.3,6.3,6.8,5.9,6.4,6.5,6.1
RCP6.0,	TIMISKAMING,5.7,5.7,5.7,5.8,5.8,5.7,6.1,5.8,5.8,6,5.7,5.7,5.7,5.9,5.8,5.7,5.7,5.6,5.6,5.9,6.1,5.9,5.9,5.8,5.8,6.1,5.9,6.1,6,6,5.8,6,6,6.1,6,5.7,6,5.8,5.8,5.8,5.9,5.9,5.8,6.1,6,6,6,6,6,5.9,5.8,5.9,6.3,6.1,5.9,6.4,6.1,5.9,5.9,6,6,6,6,6,6,6,6.1,6,6.1,6.1,6.1,6.2,6.3,6.1,6,6.1,5.9,6.1,6.2,6.1,6.1,6.1,6.1,6.2,6,6.1,6.1,6.2,6.3,6.2,6.1,6.2,6.4,6.2,6.4,6.3,6.1,6.1,6.3,6.2,6.4,6.6,6.1,6,6.5,6.3,6.3,6.4,6.2,6.3,6.5,6.1,6.2,6.3,6.4,6.3,6.4,6.4,6.1
RCP6.0,	VICTORIA,6.4,7,6.7,6.6,6.7,6.6,7,6.8,6.9,7.1,6.7,6.7,6.5,6.7,6.6,6.6,6.6,6.7,6.8,6.8,7.1,7.3,6.9,7.1,6.8,6.9,6.9,7,7.1,7,6.9,6.7,6.8,7.1,6.9,6.7,7.3,7.1,6.9,7,6.9,7,7,7.3,7.1,7.3,7,6.7,7,7.1,7.1,7.1,7.2,6.9,7,7.4,7.3,6.7,7.1,7,7,7,7.4,7.2,7.1,7.1,7.3,7,7.2,7.1,7.1,7.1,7.3,7.1,7.2,7.2,7.3,7.2,7.4,7.2,7.3,7,7.1,7,6.8,6.9,7.4,7.4,7.3,7,6.9,7.3,7.3,7.2,7.5,7.6,7,7.5,7.4,7.1,7.6,7.4,7.2,6.9,7.2,7.1,7.4,7.5,7.3,7.4,7.2,7.1,7.4,7.2,7.5,7.4,7.5,7.5,7.3
RCP6.0,	WATERLOO,6.2,6.6,6.6,6.4,6.5,6.4,6.8,6.7,6.5,6.9,6.7,6.4,6.4,6.4,6.4,6.4,6.4,6.6,6.8,6.5,6.9,7,6.6,6.8,6.6,6.8,6.6,6.9,6.8,6.9,6.6,6.5,6.6,6.8,6.8,6.6,7.1,6.8,6.6,6.7,6.6,6.7,6.9,7.2,6.7,7,6.8,6.5,6.8,6.9,6.9,6.8,6.9,6.5,6.8,7,7.1,6.3,6.8,6.8,6.9,6.7,7.3,7,6.9,6.7,7,6.8,7,7,6.8,6.8,7.1,6.8,6.9,6.9,7.2,7,7.2,7,7.1,6.8,6.8,6.7,6.5,6.7,6.9,7,7.2,6.9,6.7,7.1,7,7,7.2,7.2,6.8,7.2,7.1,6.8,7.5,7.4,6.9,6.7,6.8,6.7,7.3,7.1,7.2,7.2,7.3,7,7.2,6.9,7.2,7.4,7.2,7.3,7.2
RCP6.0,	WELLINGTON,6.2,6.6,6.6,6.4,6.5,6.4,6.7,6.7,6.6,6.9,6.6,6.4,6.3,6.4,6.4,6.3,6.4,6.6,6.7,6.5,6.9,7,6.5,6.7,6.5,6.8,6.6,6.8,6.8,6.8,6.6,6.5,6.6,6.8,6.7,6.5,7.1,6.8,6.6,6.7,6.6,6.6,6.9,7.1,6.7,6.9,6.7,6.5,6.8,6.9,6.9,6.9,6.9,6.6,6.8,7,7.1,6.4,6.8,6.8,6.8,6.7,7.3,7,6.8,6.7,7,6.8,7,6.9,6.8,6.9,7.1,6.8,6.9,6.9,7.2,7,7.2,7,7.1,6.8,6.9,6.7,6.5,6.7,6.9,7,7.1,6.8,6.6,7.1,7.1,7,7.2,7.2,6.8,7.2,7.1,6.8,7.4,7.3,6.9,6.8,6.8,6.7,7.3,7.1,7.2,7.2,7.2,6.9,7.2,6.9,7.3,7.3,7.2,7.3,7.1
RCP6.0,	YORK,6.2,6.8,6.6,6.5,6.5,6.4,6.8,6.6,6.7,6.8,6.7,6.6,6.4,6.5,6.5,6.4,6.5,6.7,6.7,6.5,6.9,7.1,6.6,6.8,6.6,6.8,6.7,6.8,6.8,6.8,6.7,6.6,6.6,6.9,6.8,6.5,7.1,6.8,6.7,6.8,6.7,6.7,6.8,7.1,6.8,7,6.8,6.5,6.9,6.9,6.9,7,7,6.6,6.8,7.2,7.1,6.5,6.8,6.8,6.9,6.8,7.3,7.1,6.9,6.8,7.1,6.8,7,6.9,6.9,6.9,7.1,6.8,7,7,7.2,7.1,7.2,7.1,7.1,6.9,6.9,6.7,6.6,6.7,7.1,7,7.2,6.9,6.7,7.1,7.1,7,7.3,7.3,6.8,7.2,7.1,6.8,7.4,7.2,7,6.8,7,6.8,7.2,7.2,7.2,7.2,7.2,6.9,7.3,6.9,7.3,7.2,7.2,7.3,7.1
RCP8.5,	ALGOMA,6,6,6,5.9,5.9,6,6.2,6,6,6.2,6.1,6,6.1,6.2,6,6.2,6.2,6.1,6.1,6,6.3,6.1,6.1,6.2,6.1,6.2,6.1,6.1,6.1,6.2,6.2,6.1,6.1,6.2,6.1,6.2,6.2,6.2,6,6.2,6.2,6.2,6.4,6.1,6.2,6.3,6.3,6.4,6.1,6.4,6.3,6.5,6.3,6.2,6.4,6.4,6.3,6.3,6.5,6.6,6.4,6.2,6.3,6.5,6.3,6.6,6.5,6.4,6.5,6.5,6.5,6.5,6.3,6.5,6.4,6.4,6.5,6.5,6.6,6.3,6.4,6.4,6.7,6.6,6.8,6.5,6.7,6.7,6.5,6.7,6.6,6.5,6.5,6.7,6.6,6.7,6.9,6.5,6.8,6.7,6.8,6.7,6.6,6.8,6.8,6.8,6.7,6.9,6.7,6.8,6.8,6.9,6.8,6.7,6.9,6.8,6.7,6.9,7
RCP8.5,	BRANT,6.6,6.9,6.8,6.8,6.7,6.7,7,6.9,6.9,6.9,6.7,6.8,7,6.8,6.6,6.5,6.7,7,6.8,6.9,6.9,6.8,6.7,6.9,7,6.7,6.9,6.8,7.1,6.8,6.8,6.9,7,6.9,7,7,6.8,7.3,7,6.8,7,7.2,6.9,7.2,7.2,7,7.2,7.2,6.8,6.9,7.2,7.3,6.9,6.8,7.2,7.1,7,7.2,7.1,7.1,7.3,6.9,7,6.9,7.3,7.1,7.2,7.2,7.4,7.1,7.3,7.3,7.2,7.2,7.3,7.2,7.2,7.4,7.6,7.6,7.4,7.4,7.5,7.6,7.6,7.4,7.5,7.5,7.3,7.3,7.4,7.4,7.4,7.5,7.3,7.3,7.6,7.5,7.6,7.8,7.4,7.3,7.7,7.8,7.5,7.7,7.6,7.5,7.6,7.3,7.8,7.7,7.3,7.4,7.7,7.8,7.9,7.5,7.9
RCP8.5,	BRUCE,5.8,5.9,5.9,5.8,5.8,5.9,5.8,6,6,6.1,6,6,5.9,6.1,5.7,5.9,5.8,5.9,5.9,6,6,6,5.9,6,6.1,5.9,5.9,6,6.1,6,6,6,6.1,5.9,6,6.1,6,6.2,6,6,6.2,6.2,6,6.3,6.1,6.1,6.1,6.3,5.9,6,6.2,6.4,6,6,6.3,6.1,6.1,6.1,6.2,6.1,6.3,5.9,6.2,6.2,6.3,6.3,6.5,6.3,6.5,6.3,6.3,6.2,6.2,6.3,6.4,6.3,6.2,6.5,6.6,6.5,6.4,6.2,6.6,6.5,6.7,6.5,6.5,6.5,6.4,6.4,6.6,6.5,6.4,6.5,6.3,6.5,6.6,6.5,6.6,6.7,6.5,6.3,6.7,6.6,6.5,6.6,6.7,6.6,6.6,6.5,6.7,6.9,6.6,6.7,6.8,6.7,6.9,6.7,7.1
RCP8.5,	COCHRANE,5.7,5.7,5.5,5.6,5.5,5.6,5.7,5.6,5.6,5.6,5.6,5.5,5.6,5.7,5.5,5.6,5.9,5.7,5.7,5.6,5.8,5.7,5.7,5.7,5.7,5.8,5.7,5.7,5.8,5.8,5.7,5.7,5.7,5.8,5.6,5.8,5.8,5.7,5.7,5.8,5.8,5.7,6.1,5.7,5.8,5.8,5.9,5.9,5.8,6,5.9,5.9,5.8,5.9,5.9,5.9,5.9,5.9,6.1,6.1,6,5.8,5.9,6.1,5.9,6.1,6,6,6,5.9,6,6.1,5.9,6.1,6,6,6.1,6.1,6.1,5.9,6,6,6.2,6.1,6.2,6.1,6.2,6.2,6.1,6.2,6.1,6,6,6.2,6.1,6.2,6.3,6.1,6.2,6.1,6.4,6.3,6.2,6.3,6.4,6.2,6.4,6.3,6.3,6.3,6.3,6.5,6.3,6.4,6.3,6.3,6.3,6.4,6.5
RCP8.5,	DUFFERIN,6.4,6.6,6.5,6.5,6.4,6.5,6.6,6.6,6.7,6.7,6.5,6.5,6.5,6.6,6.3,6.5,6.5,6.6,6.6,6.5,6.6,6.6,6.5,6.7,6.7,6.5,6.5,6.6,6.8,6.6,6.6,6.6,6.6,6.5,6.6,6.7,6.6,6.9,6.6,6.7,6.8,6.9,6.6,6.8,6.7,6.7,6.8,6.9,6.5,6.6,6.8,7,6.6,6.6,6.9,6.8,6.7,6.8,6.9,6.6,7,6.5,6.8,6.7,6.9,6.9,6.9,6.9,7.1,6.9,6.9,6.9,6.8,6.9,7.1,6.8,6.8,7.1,7.2,7.1,7.1,7,7.2,7.1,7.3,7.1,7.1,7.1,7,6.9,7.2,7,7.1,7,6.9,7.1,7.1,7.1,7.1,7.4,7,6.9,7.3,7.3,7.1,7.1,7.3,7.1,7.2,7,7.3,7.4,7,7.3,7.3,7.3,7.5,7.2,7.6
RCP8.5,	DURHAM,6.4,6.7,6.5,6.5,6.4,6.5,6.8,6.7,6.8,6.7,6.5,6.6,6.6,6.6,6.3,6.4,6.6,6.7,6.6,6.7,6.6,6.6,6.5,6.7,6.7,6.5,6.6,6.7,6.8,6.7,6.7,6.7,6.8,6.6,6.7,6.8,6.6,7,6.7,6.7,6.8,6.9,6.6,6.9,6.8,6.7,6.9,7,6.6,6.7,6.9,7,6.7,6.6,7,6.9,6.8,6.9,6.9,6.7,7.1,6.6,6.7,6.8,6.9,7,7.1,7,7.1,6.9,6.9,7.1,7,6.9,7,6.9,7,7.1,7.3,7.2,7.2,7,7.3,7.3,7.3,7.2,7.2,7.2,7,6.9,7.3,7.1,7.1,7,7,7.2,7.2,7.2,7.3,7.4,7.1,7,7.4,7.4,7.2,7.2,7.4,7.2,7.3,7.1,7.4,7.5,7,7.4,7.4,7.4,7.6,7.3,7.7
RCP8.5,	ELGIN,6.5,6.6,6.7,6.6,6.6,6.5,6.7,6.7,6.6,6.7,6.5,6.7,6.7,6.5,6.5,6.3,6.6,6.8,6.7,6.7,6.7,6.6,6.6,6.7,6.8,6.7,6.7,6.5,6.8,6.7,6.6,6.8,6.8,6.8,6.7,6.8,6.7,6.9,6.7,6.7,6.8,7,6.7,7,7,6.7,6.8,7,6.7,6.7,7,7.1,6.8,6.6,6.9,6.9,6.7,7,6.9,7,7.2,6.6,6.8,6.8,7.2,6.9,7,7.1,7.2,7,7.1,7.2,7,6.9,7.2,6.9,7,7.2,7.4,7.4,7.2,7.2,7.3,7.2,7.5,7.2,7.4,7.2,7,7.1,7.1,7.2,7.2,7.3,7.1,7.2,7.4,7.3,7.4,7.6,7.3,7.1,7.5,7.6,7.3,7.4,7.5,7.3,7.4,7.3,7.5,7.5,7.2,7.2,7.5,7.5,7.7,7.2,7.6
RCP8.5,	ESSEX,6.4,6.3,6.4,6.4,6.4,6.3,6.5,6.4,6.3,6.5,6.1,6.5,6.5,6.4,6.2,6.1,6.3,6.6,6.4,6.5,6.5,6.3,6.4,6.4,6.5,6.4,6.5,6.4,6.5,6.5,6.4,6.7,6.6,6.6,6.4,6.6,6.5,6.6,6.5,6.4,6.7,6.7,6.4,6.7,6.9,6.5,6.6,6.8,6.6,6.6,6.8,6.9,6.6,6.4,6.7,6.6,6.4,6.8,6.8,6.8,6.8,6.4,6.6,6.5,6.9,6.6,6.8,6.7,6.9,6.8,6.9,7,6.7,6.6,7,6.7,6.7,6.9,7.1,7.2,7.1,6.8,7.1,7,7.3,6.8,7.1,7.1,6.7,6.8,6.8,7,6.8,7,6.9,7,7.1,6.9,7,7.4,7,7,7.1,7.4,7,7.1,7.2,7,7.3,7.1,7.3,7.4,7,6.9,7.2,7.2,7.4,7,7.2
RCP8.5,	FRONTENAC,7.1,7.5,7.3,7,7.2,7.2,7.5,7.3,7.5,7.5,7.3,7.3,7.3,7.4,7.1,7.1,7.2,7.4,7.3,7.4,7.3,7.4,7.3,7.4,7.4,7.4,7.3,7.4,7.5,7.5,7.4,7.5,7.5,7.4,7.3,7.5,7.4,7.8,7.4,7.6,7.5,7.6,7.3,7.6,7.5,7.7,7.7,7.9,7.4,7.5,7.6,7.7,7.6,7.6,7.7,7.7,7.5,7.6,7.8,7.5,7.9,7.4,7.5,7.7,7.7,7.8,8,7.9,7.8,7.9,7.7,7.8,7.8,7.9,7.7,7.5,7.8,7.8,8.1,7.9,8,7.9,8.3,8.1,8.2,7.9,8.1,8.1,7.9,7.7,8.1,8.1,7.9,7.8,8.1,8,8.3,8.2,8.2,8.2,8,8,8.3,8.1,8.2,8.2,8.2,8,8.2,8,8.2,8.5,8,8.2,8.3,8.2,8.3,8.2,8.6
RCP8.5,	GREY,6.1,6.2,6.2,6.1,6,6.2,6.1,6.3,6.3,6.3,6.2,6.2,6.1,6.3,6,6.1,6.1,6.2,6.2,6.2,6.3,6.3,6.1,6.3,6.4,6.2,6.1,6.2,6.4,6.3,6.2,6.3,6.3,6.2,6.3,6.4,6.3,6.5,6.2,6.3,6.4,6.5,6.3,6.5,6.4,6.4,6.4,6.5,6.2,6.2,6.4,6.7,6.3,6.3,6.6,6.4,6.4,6.5,6.4,6.3,6.5,6.2,6.5,6.4,6.6,6.6,6.7,6.6,6.8,6.5,6.6,6.5,6.4,6.6,6.7,6.5,6.4,6.7,6.9,6.8,6.7,6.6,6.8,6.8,6.9,6.8,6.8,6.7,6.7,6.6,6.8,6.7,6.7,6.7,6.6,6.8,6.8,6.8,6.8,7,6.7,6.5,7,6.9,6.7,6.8,6.9,6.8,6.9,6.7,6.9,7.2,6.7,6.9,7,6.9,7.1,6.9,7.3
RCP8.5,	HALDIMAND-NORFOLK,6.4,6.6,6.6,6.5,6.5,6.5,6.7,6.6,6.6,6.6,6.5,6.7,6.7,6.5,6.5,6.2,6.5,6.7,6.6,6.7,6.6,6.5,6.5,6.6,6.7,6.5,6.7,6.5,6.8,6.7,6.6,6.7,6.8,6.7,6.7,6.8,6.6,7,6.7,6.6,6.8,6.9,6.7,7,7,6.8,6.9,7,6.6,6.7,7,7,6.7,6.6,6.9,6.9,6.7,6.9,6.8,6.9,7.1,6.6,6.8,6.7,7.1,6.9,7,7,7.2,6.9,7,7.1,7,6.9,7.1,6.9,7,7.1,7.4,7.4,7.2,7.2,7.3,7.3,7.4,7.2,7.3,7.1,7,7,7.1,7.2,7.2,7.2,7.1,7.1,7.4,7.3,7.3,7.5,7.2,7.2,7.4,7.6,7.2,7.4,7.4,7.3,7.3,7.1,7.5,7.5,7.1,7.2,7.5,7.6,7.6,7.2,7.6
RCP8.5,	HALIBURTON,6.6,6.8,6.7,6.4,6.5,6.5,6.7,6.7,6.9,6.8,6.7,6.7,6.6,6.9,6.4,6.6,6.7,6.7,6.7,6.7,6.8,6.8,6.7,6.9,6.8,6.7,6.7,6.8,6.9,6.8,6.8,6.8,6.8,6.7,6.7,6.9,6.7,7,6.7,6.9,6.9,6.9,6.7,6.9,6.8,7,7.1,7.1,6.7,6.8,6.9,7.1,6.9,6.8,7.2,7,6.9,6.9,7.1,6.9,7.1,6.6,7,6.9,7,7,7.4,7.1,7.1,7.1,7,7.1,6.9,7,7.1,6.9,7,7.1,7.4,7.2,7.2,7,7.5,7.4,7.4,7.2,7.2,7.2,7.1,7.1,7.4,7.2,7.2,7.2,7.2,7.3,7.4,7.4,7.4,7.4,7.2,7.1,7.4,7.3,7.4,7.4,7.4,7.3,7.5,7.4,7.5,7.7,7.2,7.4,7.3,7.4,7.5,7.5,7.8
RCP8.5,	HALTON,6.4,6.7,6.7,6.6,6.4,6.5,6.8,6.7,6.8,6.7,6.5,6.6,6.7,6.6,6.4,6.4,6.6,6.8,6.7,6.6,6.7,6.6,6.5,6.7,6.7,6.5,6.7,6.6,6.9,6.6,6.7,6.7,6.8,6.6,6.7,6.8,6.7,7.1,6.8,6.7,6.8,7,6.7,7,6.9,6.8,6.9,7,6.6,6.7,7,7.1,6.7,6.5,7,6.9,6.8,6.9,6.9,6.9,7.1,6.7,6.7,6.7,7,7,7,6.9,7.2,6.9,7.1,7.1,7,7,7.2,7,7.1,7.1,7.3,7.4,7.2,7.2,7.3,7.3,7.3,7.3,7.2,7.2,7.1,7,7.2,7.2,7.2,7.1,7,7.2,7.3,7.2,7.3,7.5,7.1,7.1,7.3,7.5,7.2,7.3,7.5,7.3,7.4,7.1,7.5,7.5,7,7.3,7.5,7.5,7.6,7.3,7.7
RCP8.5,	HAMILTON-WENTWORTH,6.5,6.8,6.8,6.7,6.6,6.6,6.9,6.8,6.9,6.8,6.7,6.8,6.9,6.7,6.6,6.4,6.6,6.9,6.8,6.8,6.8,6.7,6.6,6.8,6.8,6.7,6.8,6.7,7,6.7,6.8,6.8,6.9,6.8,6.9,7,6.8,7.3,6.9,6.8,6.9,7.1,6.8,7.1,7.1,6.9,7,7.2,6.7,6.8,7.1,7.2,6.8,6.6,7.1,7,6.9,7.1,7,7,7.2,6.8,6.8,6.8,7.2,7.1,7.1,7.1,7.4,7,7.2,7.2,7.2,7.1,7.3,7.1,7.1,7.3,7.5,7.5,7.3,7.3,7.4,7.4,7.5,7.4,7.4,7.4,7.2,7.1,7.3,7.3,7.3,7.3,7.2,7.3,7.4,7.4,7.5,7.7,7.2,7.2,7.5,7.6,7.3,7.6,7.5,7.4,7.5,7.2,7.6,7.6,7.2,7.4,7.6,7.7,7.8,7.4,7.8
RCP8.5,	HASTINGS,7,7.3,7.1,6.9,7,7,7.3,7.2,7.3,7.3,7.1,7.1,7.1,7.2,6.9,7,7.1,7.2,7.1,7.3,7.1,7.3,7.2,7.3,7.2,7.2,7.2,7.2,7.3,7.3,7.2,7.3,7.3,7.2,7.2,7.4,7.2,7.6,7.2,7.3,7.4,7.4,7.2,7.4,7.3,7.4,7.5,7.6,7.1,7.3,7.4,7.5,7.4,7.4,7.6,7.6,7.4,7.4,7.6,7.4,7.7,7.2,7.4,7.5,7.5,7.6,7.8,7.7,7.6,7.6,7.5,7.7,7.5,7.6,7.6,7.3,7.7,7.7,7.8,7.7,7.8,7.6,8,7.9,8,7.7,7.8,7.8,7.7,7.5,8,7.8,7.7,7.6,7.8,7.8,8,7.9,8,8,7.8,7.7,8.1,7.9,8,8,8,7.8,8,7.8,7.9,8.3,7.7,8,8,8,8.1,8,8.3
RCP8.5,	HURON,6.1,6.2,6.3,6.3,6.2,6.3,6.3,6.3,6.3,6.4,6.3,6.3,6.3,6.4,6.1,6.1,6.2,6.4,6.3,6.3,6.4,6.3,6.3,6.3,6.4,6.4,6.3,6.3,6.5,6.3,6.3,6.4,6.4,6.3,6.4,6.4,6.3,6.6,6.4,6.3,6.5,6.6,6.3,6.6,6.5,6.4,6.5,6.6,6.2,6.3,6.6,6.8,6.4,6.2,6.6,6.4,6.4,6.6,6.5,6.4,6.7,6.2,6.5,6.5,6.7,6.6,6.7,6.6,6.8,6.5,6.7,6.7,6.5,6.6,6.7,6.7,6.5,6.9,6.9,6.9,6.8,6.7,6.9,6.9,7.1,6.8,6.9,6.8,6.7,6.7,6.9,6.9,6.8,6.8,6.6,6.8,6.9,6.8,6.9,7.1,6.8,6.7,7,7.1,6.8,6.9,7,6.9,6.9,6.8,7.1,7.2,6.8,7,7.1,7,7.3,6.9,7.3
RCP8.5,	Island-county-stat,6,6,6,5.9,5.9,6,6.1,6.1,6.1,6.2,6.1,6.1,6.1,6.2,6,6.1,6.1,6,6.1,6.2,6.3,6.1,6.1,6.3,6.2,6.2,6.1,6.2,6.1,6.2,6.2,6.2,6.2,6.2,6.1,6.3,6.2,6.3,6.1,6.2,6.3,6.3,6.3,6.2,6.2,6.3,6.4,6.4,6.1,6.4,6.3,6.5,6.3,6.2,6.4,6.4,6.3,6.3,6.4,6.4,6.4,6.2,6.4,6.5,6.4,6.6,6.5,6.5,6.4,6.5,6.5,6.5,6.4,6.5,6.4,6.5,6.4,6.6,6.6,6.5,6.5,6.5,6.7,6.6,6.8,6.6,6.6,6.7,6.6,6.7,6.7,6.5,6.6,6.8,6.6,6.7,6.9,6.6,6.8,6.8,6.8,6.6,6.7,6.8,6.8,6.8,6.8,6.8,6.8,6.8,6.9,7,6.8,6.8,7,6.9,6.9,7,7
RCP8.5,	KENORA,5.5,5.3,5.4,5.3,5.2,5.4,5.4,5.4,5.3,5.4,5.4,5.2,5.4,5.4,5.4,5.3,5.6,5.3,5.4,5.4,5.4,5.5,5.4,5.3,5.5,5.5,5.5,5.5,5.4,5.6,5.5,5.4,5.4,5.5,5.4,5.5,5.5,5.5,5.4,5.5,5.5,5.6,5.7,5.5,5.6,5.5,5.6,5.6,5.6,5.7,5.5,5.7,5.6,5.5,5.6,5.6,5.6,5.6,5.7,5.7,5.6,5.6,5.6,5.8,5.7,5.7,5.7,5.8,5.5,5.7,5.7,5.8,5.8,5.9,5.7,5.7,5.7,5.9,5.7,5.6,5.8,5.7,5.8,5.7,5.9,5.7,5.6,5.9,5.8,5.8,5.9,5.8,5.7,5.9,5.8,5.8,6,5.8,5.9,5.9,5.9,5.9,5.9,5.9,5.9,5.8,5.9,5.9,5.8,5.9,5.9,6.1,6.1,5.9,6,6,5.9,6,6
RCP8.5,	KENT,6.6,6.6,6.7,6.7,6.6,6.5,6.7,6.8,6.6,6.8,6.5,6.8,6.7,6.6,6.6,6.3,6.6,7,6.7,6.7,6.8,6.6,6.7,6.7,6.8,6.7,6.8,6.6,6.8,6.8,6.7,6.9,6.8,6.9,6.8,6.9,6.8,6.9,6.8,6.7,7,7,6.7,7.1,7.1,6.8,6.8,7,6.8,6.8,7.1,7.2,6.8,6.6,7,6.9,6.7,7.2,7,7.1,7.1,6.6,6.9,6.9,7.2,7,7,7.1,7.2,7,7.2,7.3,7,6.9,7.3,7,7,7.3,7.4,7.5,7.3,7.2,7.4,7.3,7.5,7.1,7.4,7.3,7,7.2,7.1,7.2,7.2,7.3,7.2,7.2,7.4,7.3,7.3,7.6,7.4,7.3,7.4,7.7,7.3,7.4,7.6,7.3,7.5,7.4,7.6,7.6,7.3,7.2,7.5,7.5,7.7,7.3,7.5
RCP8.5,	LAMBTON,6.3,6.5,6.5,6.6,6.5,6.4,6.6,6.7,6.5,6.6,6.4,6.6,6.5,6.5,6.4,6.2,6.5,6.7,6.6,6.6,6.6,6.5,6.5,6.5,6.7,6.6,6.6,6.5,6.6,6.6,6.6,6.7,6.7,6.6,6.6,6.7,6.7,6.8,6.6,6.6,6.8,6.9,6.5,6.9,7,6.6,6.7,6.8,6.6,6.6,6.9,7.1,6.7,6.4,6.9,6.7,6.6,6.9,6.8,6.8,7,6.4,6.7,6.7,7,6.8,6.9,7,7.1,6.9,7,7.1,6.8,6.8,7.1,6.9,6.8,7.2,7.2,7.3,7.1,7,7.2,7.1,7.3,7,7.2,7.1,6.9,7,7,7,7,7.1,6.9,7,7.2,7,7.2,7.4,7.2,7,7.2,7.4,7.1,7.3,7.4,7.1,7.2,7.1,7.4,7.4,7.1,7.1,7.4,7.3,7.5,7.1,7.4
RCP8.5,	LANARK,6.8,7.2,7,6.8,6.9,6.9,7.3,6.9,7.2,7.2,7,7,7,7.1,6.8,6.9,7,7.1,7.1,7.1,7,7.2,7,7.2,7.2,7,7,7.2,7.2,7.3,7.1,7.2,7.2,7.2,7,7.3,7.1,7.4,7.1,7.2,7.2,7.3,7.1,7.3,7.3,7.4,7.5,7.6,7.2,7.2,7.3,7.4,7.3,7.3,7.4,7.3,7.2,7.3,7.6,7.3,7.6,7.1,7.2,7.5,7.4,7.5,7.8,7.6,7.5,7.6,7.5,7.5,7.5,7.5,7.4,7.3,7.5,7.5,7.7,7.6,7.8,7.5,8,7.8,7.9,7.5,7.7,7.7,7.5,7.5,7.9,7.7,7.6,7.6,7.9,7.7,8,7.9,7.9,7.9,7.6,7.7,8,7.8,7.9,7.9,7.8,7.8,7.9,7.7,7.9,8.2,7.7,7.9,7.9,7.9,8,7.9,8.3
RCP8.5,	LEEDSandGRENVILLE,6.9,7.3,7.1,6.8,7.1,7,7.3,7.1,7.3,7.3,7,7.1,7.1,7.3,6.9,7,7,7.2,7.2,7.2,7.1,7.2,7.1,7.3,7.3,7.2,7,7.2,7.3,7.4,7.1,7.3,7.3,7.3,7.1,7.3,7.1,7.5,7.1,7.3,7.2,7.4,7.2,7.4,7.3,7.5,7.6,7.8,7.2,7.3,7.4,7.5,7.3,7.4,7.4,7.4,7.3,7.4,7.6,7.3,7.8,7.2,7.3,7.5,7.5,7.6,8,7.7,7.6,7.7,7.5,7.6,7.6,7.6,7.6,7.3,7.5,7.6,7.9,7.7,7.9,7.7,8.1,7.8,8,7.6,7.9,7.8,7.6,7.5,7.9,7.9,7.8,7.7,7.9,7.8,8.1,8,7.9,7.9,7.7,7.8,8,7.9,8,8,7.9,7.8,7.9,7.7,7.9,8.3,7.7,7.9,8,8,8,7.9,8.4
RCP8.5,	LENNOXandADDINGTON,7.1,7.4,7.2,7,7.1,7.1,7.4,7.2,7.4,7.4,7.2,7.2,7.2,7.3,7,7,7.2,7.3,7.2,7.4,7.2,7.4,7.2,7.3,7.3,7.3,7.2,7.3,7.4,7.4,7.3,7.4,7.4,7.3,7.2,7.4,7.3,7.7,7.3,7.4,7.4,7.5,7.2,7.5,7.4,7.5,7.6,7.8,7.2,7.4,7.5,7.6,7.5,7.5,7.6,7.6,7.4,7.5,7.7,7.4,7.8,7.3,7.4,7.6,7.6,7.7,7.9,7.8,7.7,7.7,7.6,7.8,7.7,7.7,7.7,7.4,7.7,7.7,7.9,7.8,7.9,7.8,8.2,8,8.1,7.8,7.9,8,7.8,7.6,8,7.9,7.8,7.7,7.9,7.9,8.1,8,8.1,8.1,7.9,7.8,8.2,8,8.1,8.1,8.1,7.9,8.1,7.9,8,8.4,7.9,8.1,8.1,8.1,8.2,8.1,8.5
RCP8.5,	MANITOULIN,5.8,5.6,5.9,5.6,5.5,5.7,5.9,5.8,5.9,5.9,5.9,5.9,5.7,5.9,5.6,5.8,5.8,5.6,5.7,6,6,5.8,5.8,6.1,5.9,5.8,5.8,5.9,5.8,5.8,6,5.9,6,5.9,5.8,6,5.9,6,5.8,6,6,6,5.9,6.1,5.9,6,6,6.1,5.9,6,6,6.2,5.9,6,6.2,6.1,6.1,6,6.1,6.1,6.2,5.8,6.1,6.2,6.1,6.3,6.4,6.1,6.1,6.3,6.2,6.2,6.1,6.3,6.1,6.2,6.1,6.4,6.4,6.3,6.2,6.1,6.5,6.5,6.7,6.5,6.4,6.4,6.3,6.4,6.4,6.3,6.3,6.5,6.3,6.5,6.6,6.4,6.6,6.5,6.5,6.4,6.5,6.4,6.5,6.5,6.5,6.6,6.6,6.5,6.7,6.8,6.5,6.6,6.7,6.7,6.6,6.8,6.8
RCP8.5,METROPOLITAN-TORONTO,6.4,6.7,6.6,6.5,6.4,6.5,6.8,6.6,6.7,6.7,6.5,6.6,6.6,6.6,6.4,6.3,6.5,6.6,6.7,6.6,6.6,6.5,6.5,6.6,6.7,6.5,6.6,6.6,6.8,6.7,6.7,6.6,6.8,6.5,6.7,6.8,6.6,7,6.8,6.7,6.8,6.9,6.6,6.9,6.8,6.7,6.8,6.9,6.5,6.7,6.9,6.9,6.7,6.5,7,6.9,6.8,6.8,6.9,6.8,7,6.7,6.7,6.8,6.9,6.9,7,7,7.1,6.8,7,7,7,6.9,7,6.9,7,7.1,7.2,7.2,7.1,7.1,7.3,7.2,7.3,7.2,7.2,7.2,7,6.8,7.2,7,7.2,7,7,7.2,7.1,7.2,7.3,7.4,7,7.1,7.3,7.4,7.1,7.2,7.4,7.2,7.3,7.1,7.4,7.4,7,7.3,7.4,7.5,7.7,7.2,7.6
RCP8.5,	MIDDLESEX,6.5,6.6,6.8,6.7,6.7,6.6,6.8,6.8,6.7,6.8,6.6,6.7,6.7,6.7,6.5,6.4,6.7,6.9,6.8,6.8,6.8,6.7,6.7,6.7,6.9,6.8,6.8,6.6,6.9,6.8,6.7,6.9,6.8,6.8,6.8,6.8,6.8,7,6.8,6.7,6.9,7,6.8,7,7,6.8,6.9,7,6.7,6.8,7,7.2,6.8,6.6,7,6.9,6.8,7.1,6.9,7,7.2,6.6,6.9,6.8,7.2,7,7.1,7.1,7.3,7,7.1,7.1,7,7,7.2,7,7,7.3,7.4,7.4,7.2,7.2,7.4,7.3,7.5,7.2,7.4,7.3,7.1,7.1,7.2,7.3,7.2,7.3,7.1,7.2,7.4,7.3,7.4,7.6,7.2,7.1,7.4,7.6,7.3,7.5,7.5,7.4,7.4,7.2,7.6,7.6,7.3,7.3,7.5,7.5,7.7,7.3,7.7
RCP8.5,	MUSKOKA,6.3,6.4,6.4,6.2,6.2,6.3,6.5,6.4,6.6,6.5,6.4,6.5,6.3,6.6,6.1,6.4,6.4,6.4,6.4,6.4,6.5,6.5,6.4,6.5,6.5,6.4,6.3,6.5,6.6,6.5,6.5,6.5,6.6,6.4,6.4,6.6,6.4,6.7,6.4,6.6,6.6,6.6,6.4,6.7,6.6,6.7,6.7,6.8,6.4,6.5,6.6,6.9,6.6,6.6,6.9,6.7,6.6,6.6,6.8,6.6,6.8,6.4,6.7,6.6,6.8,6.8,7.1,6.8,6.8,6.8,6.7,6.8,6.6,6.8,6.8,6.7,6.7,6.9,7.1,6.9,6.9,6.7,7.2,7.1,7.1,7,6.9,6.9,6.8,6.8,7.1,6.9,6.9,6.9,6.9,7,7.1,7,7.1,7.1,6.9,6.8,7.1,7,7,7.2,7.1,7.1,7.2,7.1,7.2,7.4,6.9,7.1,7.1,7.1,7.2,7.2,7.5
RCP8.5,	NIAGARA,6.3,6.7,6.5,6.4,6.4,6.5,6.6,6.5,6.5,6.6,6.4,6.6,6.6,6.5,6.4,6.2,6.4,6.7,6.6,6.6,6.5,6.5,6.5,6.6,6.6,6.5,6.6,6.5,6.7,6.6,6.5,6.6,6.7,6.6,6.6,6.8,6.5,7,6.6,6.6,6.7,6.8,6.6,6.9,6.8,6.7,6.8,7,6.5,6.6,6.9,6.9,6.6,6.5,6.8,6.8,6.6,6.8,6.8,6.8,7,6.6,6.7,6.7,6.9,6.8,6.9,7.1,7,6.8,6.9,7,7,6.8,7.1,6.9,6.8,7,7.2,7.2,7,7.2,7.3,7.2,7.2,7.1,7.2,7.1,7,6.9,7,7.1,7,7.1,7,7,7.2,7.2,7.1,7.4,7.1,7.1,7.3,7.5,7.1,7.3,7.3,7.2,7.3,7.1,7.4,7.4,6.9,7.2,7.4,7.5,7.5,7.2,7.5
RCP8.5,	NIPISSING,6.2,6.2,6.3,6,6.1,6.1,6.3,6.2,6.3,6.4,6.3,6.2,6.1,6.4,6.1,6.3,6.3,6.1,6.2,6.3,6.4,6.3,6.3,6.3,6.3,6.3,6.2,6.4,6.4,6.4,6.4,6.4,6.3,6.3,6.2,6.5,6.3,6.5,6.2,6.5,6.4,6.3,6.4,6.3,6.3,6.6,6.6,6.6,6.3,6.4,6.4,6.7,6.5,6.4,6.7,6.6,6.5,6.4,6.6,6.6,6.6,6.3,6.6,6.5,6.6,6.7,6.8,6.6,6.6,6.7,6.7,6.7,6.5,6.6,6.5,6.5,6.6,6.7,6.9,6.7,6.6,6.5,7,6.9,7,6.8,6.7,6.8,6.8,6.8,6.8,6.7,6.7,6.9,6.7,6.8,7,6.8,7,6.9,6.8,6.8,6.9,6.8,6.9,7,6.8,6.9,7,6.9,7.1,7.1,6.9,6.8,6.9,6.9,6.9,7.1,7.1
RCP8.5,	NORTHUMBERLAND,6.7,6.9,6.7,6.6,6.6,6.6,7,6.8,6.9,6.9,6.7,6.8,6.7,6.8,6.5,6.5,6.7,6.9,6.8,6.9,6.7,6.9,6.8,6.9,6.8,6.8,6.7,6.8,7,6.9,6.8,7,6.9,6.8,6.9,7,6.8,7.1,6.9,7,7,7,6.8,7.1,7,7,7.1,7.2,6.8,6.9,7.1,7.1,6.9,6.9,7.2,7.2,7,7.1,7.2,7,7.3,6.8,6.9,7,7.1,7.3,7.4,7.2,7.3,7.2,7.1,7.3,7.2,7.2,7.2,7,7.2,7.3,7.5,7.4,7.5,7.3,7.6,7.6,7.6,7.4,7.4,7.5,7.2,7.1,7.5,7.4,7.3,7.2,7.4,7.4,7.4,7.5,7.6,7.6,7.4,7.3,7.7,7.6,7.5,7.6,7.6,7.5,7.6,7.4,7.6,7.8,7.3,7.6,7.7,7.8,7.8,7.6,7.9
RCP8.5,	OTTAWA-CARLTON,6.6,6.9,6.9,6.5,6.7,6.7,7,6.7,7,7,6.8,6.8,6.8,7,6.6,6.7,6.8,6.9,6.9,6.9,6.9,7,6.9,7,7,6.9,6.9,6.9,7,7.1,6.9,7,7,7,6.8,7,6.9,7.1,6.8,7,6.9,7,7,7.1,7.1,7.2,7.4,7.3,7,7,7,7.1,7.1,7.1,7.2,7.1,7,7.1,7.4,7.1,7.4,6.9,7.1,7.3,7.2,7.3,7.6,7.4,7.3,7.5,7.3,7.4,7.3,7.3,7.3,7,7.3,7.3,7.5,7.3,7.6,7.3,7.8,7.6,7.7,7.3,7.6,7.5,7.4,7.3,7.7,7.6,7.4,7.5,7.6,7.5,7.8,7.6,7.6,7.7,7.5,7.5,7.8,7.6,7.7,7.7,7.5,7.6,7.7,7.5,7.7,8.1,7.6,7.7,7.7,7.7,7.8,7.7,8
RCP8.5,	OXFORD,6.7,6.8,6.9,6.8,6.8,6.7,6.9,7,6.9,6.9,6.8,6.8,6.9,6.8,6.6,6.5,6.8,7,6.9,6.9,6.9,6.8,6.8,6.9,7,6.8,6.9,6.7,7.1,6.9,6.8,7,7,6.9,7,7,6.9,7.2,6.9,6.9,7,7.2,6.9,7.2,7.2,7,7.1,7.3,6.8,6.9,7.2,7.3,6.9,6.8,7.2,7.1,7,7.2,7.2,7.1,7.4,6.8,7.1,6.9,7.3,7.1,7.2,7.2,7.4,7.1,7.3,7.3,7.2,7.2,7.3,7.2,7.2,7.4,7.6,7.6,7.4,7.4,7.5,7.5,7.6,7.4,7.6,7.4,7.2,7.3,7.4,7.4,7.4,7.5,7.3,7.4,7.5,7.5,7.6,7.8,7.4,7.3,7.6,7.8,7.5,7.6,7.7,7.5,7.6,7.3,7.8,7.8,7.4,7.5,7.7,7.7,7.9,7.4,7.9
RCP8.5,	PARRY-SOUND,6.3,6.3,6.4,6.1,6.1,6.2,6.4,6.3,6.4,6.5,6.4,6.4,6.2,6.5,6.1,6.4,6.3,6.2,6.2,6.4,6.5,6.4,6.3,6.4,6.4,6.3,6.3,6.4,6.4,6.4,6.5,6.5,6.5,6.4,6.3,6.5,6.3,6.6,6.3,6.6,6.5,6.4,6.4,6.5,6.4,6.6,6.6,6.6,6.4,6.4,6.5,6.8,6.5,6.5,6.8,6.6,6.6,6.5,6.7,6.6,6.7,6.3,6.6,6.6,6.7,6.7,6.9,6.7,6.7,6.8,6.7,6.7,6.5,6.7,6.6,6.6,6.6,6.8,7,6.8,6.7,6.5,7,7,7.1,7,6.8,6.9,6.7,6.8,6.9,6.8,6.8,6.9,6.7,6.9,7,6.9,7,7,6.9,6.8,7,6.9,6.9,7.1,6.9,7.1,7.1,7,7.3,7.3,6.9,7,7.1,7,7.1,7.2,7.2
RCP8.5,	PEEL,6.5,6.7,6.7,6.6,6.5,6.6,6.8,6.8,6.9,6.7,6.6,6.7,6.7,6.7,6.4,6.5,6.6,6.8,6.7,6.7,6.7,6.6,6.6,6.7,6.8,6.6,6.7,6.7,7,6.7,6.7,6.8,6.8,6.6,6.8,6.8,6.7,7.1,6.8,6.8,6.9,7,6.7,7,6.9,6.8,6.9,7.1,6.6,6.7,7,7.1,6.7,6.6,7.1,7,6.8,6.9,7,6.8,7.1,6.7,6.8,6.8,7,7,7.1,7,7.2,6.9,7.1,7.1,7,7,7.2,7,7.1,7.2,7.3,7.3,7.2,7.2,7.3,7.3,7.4,7.3,7.3,7.2,7.1,7,7.3,7.1,7.2,7.1,7,7.2,7.3,7.3,7.3,7.5,7.1,7.1,7.4,7.5,7.2,7.3,7.5,7.3,7.4,7.2,7.5,7.5,7.1,7.4,7.5,7.5,7.7,7.3,7.7
RCP8.5,	PERTH,6.4,6.5,6.6,6.6,6.5,6.5,6.6,6.7,6.6,6.7,6.5,6.5,6.6,6.6,6.4,6.4,6.5,6.7,6.6,6.6,6.6,6.5,6.5,6.6,6.8,6.6,6.5,6.5,6.8,6.6,6.5,6.7,6.7,6.5,6.7,6.7,6.6,6.9,6.6,6.6,6.8,6.9,6.6,6.9,6.8,6.7,6.8,6.9,6.5,6.7,6.9,7.1,6.6,6.5,6.9,6.8,6.7,6.9,6.8,6.7,7,6.6,6.8,6.7,7,6.8,6.9,6.8,7.1,6.8,7,6.9,6.9,6.9,7,6.9,6.9,7.2,7.2,7.2,7.1,7,7.2,7.2,7.4,7.1,7.2,7.1,7,7,7.2,7.2,7.1,7.1,6.9,7.1,7.2,7.1,7.3,7.4,7,7,7.3,7.5,7.1,7.3,7.3,7.2,7.2,7,7.3,7.5,7.1,7.3,7.4,7.3,7.6,7.2,7.6
RCP8.5,	PETERBOROUGH,6.9,7.2,7,6.8,6.8,6.9,7.2,7.1,7.2,7.2,6.9,7,7,7.1,6.8,6.9,7,7.1,7,7.2,7,7.2,7,7.2,7.1,7,7,7.1,7.2,7.2,7.1,7.2,7.2,7.1,7.1,7.3,7,7.4,7.1,7.2,7.3,7.3,7.1,7.3,7.2,7.3,7.4,7.5,7,7.1,7.3,7.4,7.2,7.2,7.5,7.4,7.3,7.3,7.5,7.2,7.6,7,7.2,7.3,7.3,7.4,7.7,7.5,7.4,7.4,7.3,7.5,7.4,7.4,7.5,7.2,7.5,7.5,7.7,7.6,7.7,7.5,7.8,7.7,7.7,7.6,7.6,7.7,7.5,7.4,7.8,7.5,7.5,7.5,7.6,7.6,7.8,7.7,7.8,7.8,7.6,7.5,7.9,7.7,7.7,7.8,7.8,7.7,7.8,7.6,7.8,8.1,7.5,7.8,7.8,7.8,8,7.8,8.2
RCP8.5,	PRESCOTTandRUSSELL,6.5,6.8,6.7,6.4,6.6,6.5,6.9,6.6,6.8,6.8,6.7,6.6,6.7,6.9,6.4,6.7,6.7,6.8,6.8,6.7,6.8,6.8,6.8,6.8,6.9,6.8,6.7,6.8,6.8,6.9,6.8,6.9,6.8,6.9,6.7,6.9,6.8,7,6.7,6.9,6.8,7,6.9,6.9,7,7.1,7.2,7.3,6.9,6.9,7,7,7,7,7.1,7,6.9,7,7.3,6.9,7.3,6.8,7,7.2,7.1,7.2,7.5,7.2,7.2,7.4,7.3,7.3,7.2,7.1,7.2,6.9,7.1,7.2,7.3,7.2,7.5,7.2,7.6,7.5,7.5,7.1,7.5,7.3,7.2,7.2,7.5,7.4,7.4,7.4,7.5,7.3,7.7,7.5,7.5,7.5,7.4,7.4,7.7,7.5,7.6,7.6,7.4,7.4,7.5,7.4,7.5,7.9,7.5,7.5,7.5,7.5,7.7,7.5,8
RCP8.5,PRINCE-EDWARD,6.6,6.9,6.6,6.5,6.6,6.7,7,6.7,6.9,6.9,6.6,6.7,6.7,6.8,6.5,6.4,6.6,6.8,6.7,6.9,6.7,6.8,6.7,6.8,6.7,6.7,6.6,6.8,6.9,6.9,6.8,6.9,6.9,6.8,6.8,7,6.7,7.2,6.8,6.9,6.9,7,6.7,7,6.9,7,7.1,7.2,6.7,6.8,7.1,7.1,7,6.8,7.1,7.1,6.9,7.1,7.2,6.9,7.3,6.9,6.9,7,7.1,7.2,7.4,7.2,7.3,7.2,7.1,7.3,7.2,7.2,7.2,7,7.2,7.3,7.4,7.3,7.5,7.4,7.7,7.4,7.6,7.4,7.5,7.4,7.3,7.1,7.4,7.4,7.3,7.3,7.4,7.3,7.5,7.5,7.6,7.6,7.4,7.4,7.7,7.6,7.5,7.7,7.6,7.5,7.7,7.4,7.6,7.8,7.3,7.6,7.7,7.7,7.7,7.6,8
RCP8.5,	RAINY-RIVER,5.8,5.8,5.7,5.6,5.7,5.9,5.9,5.8,5.9,5.9,5.9,5.9,6,5.9,5.8,6,6,5.8,6.1,6,6,5.8,5.9,6.1,6.2,6.3,5.9,6,6.1,6.1,6.2,5.9,6,5.9,5.9,6.1,6,5.8,5.9,5.9,6.1,6.1,6.3,5.8,6.1,6.1,6.2,6.1,6,6.5,6.2,6.4,6.1,6.1,5.9,6.2,6.2,6.2,6.2,6.2,6.2,6.1,6.2,6.3,6.2,6.3,6,6.4,6.1,6.4,6.4,6.3,6.3,6.5,6.4,6.5,6.3,6.4,6.2,6.1,6.4,6.5,6.4,6.1,6.4,6.4,6.2,6.5,6.4,6.5,6.4,6.2,6.3,6.5,6.6,6.5,6.9,6.2,6.6,6.4,6.5,6.4,6.5,6.7,6.5,6.5,6.6,6.4,6.4,6.5,6.6,6.8,6.6,6.7,6.8,6.6,6.7,6.6,6.7
RCP8.5,	RENFREW,6.5,6.7,6.7,6.4,6.5,6.5,6.7,6.6,6.8,6.7,6.6,6.6,6.6,6.7,6.4,6.6,6.6,6.6,6.6,6.7,6.7,6.8,6.7,6.7,6.7,6.7,6.7,6.8,6.8,6.8,6.7,6.8,6.8,6.7,6.6,6.8,6.7,7,6.7,6.9,6.8,6.8,6.8,6.8,6.9,7,7,7,6.7,6.8,6.8,7,6.9,6.9,7.1,7,6.8,6.9,7.1,6.9,7.1,6.7,6.9,7,7,7.1,7.3,7.1,7,7.1,7.1,7.2,7,7.1,7,6.8,7.1,7.1,7.3,7.1,7.2,6.9,7.4,7.4,7.4,7.1,7.2,7.2,7.1,7.1,7.4,7.2,7.1,7.2,7.2,7.3,7.4,7.3,7.4,7.4,7.2,7.2,7.4,7.3,7.4,7.4,7.3,7.4,7.4,7.3,7.5,7.7,7.3,7.4,7.4,7.4,7.5,7.5,7.7
RCP8.5,	SIMCOE,6.3,6.5,6.4,6.3,6.3,6.4,6.6,6.6,6.6,6.6,6.4,6.5,6.4,6.5,6.2,6.4,6.4,6.5,6.5,6.5,6.6,6.6,6.4,6.6,6.6,6.4,6.4,6.5,6.6,6.6,6.5,6.6,6.6,6.4,6.5,6.6,6.5,6.8,6.5,6.6,6.7,6.7,6.5,6.7,6.6,6.7,6.7,6.9,6.5,6.6,6.8,6.9,6.6,6.5,6.9,6.8,6.7,6.7,6.8,6.6,6.9,6.4,6.7,6.7,6.8,6.8,7,6.9,6.9,6.8,6.8,6.9,6.7,6.8,6.9,6.7,6.8,7,7.2,7,7,6.8,7.1,7.1,7.1,7,7,7,6.9,6.8,7.2,6.9,6.9,6.9,6.9,7.1,7.1,7.1,7.1,7.2,7,6.8,7.3,7.1,7,7.1,7.2,7.1,7.1,7,7.2,7.4,6.9,7.2,7.2,7.1,7.4,7.2,7.6
RCP8.5,	STORMONT-DUNDASandGL,6.5,6.8,6.7,6.5,6.6,6.5,6.9,6.7,6.8,6.8,6.6,6.6,6.7,6.9,6.4,6.7,6.6,6.8,6.7,6.7,6.7,6.8,6.7,6.8,6.9,6.8,6.7,6.8,6.8,6.9,6.7,6.9,6.9,6.8,6.7,6.8,6.7,6.9,6.7,6.8,6.8,6.9,6.8,6.9,6.9,7.1,7.2,7.3,6.8,6.9,6.9,7,6.9,7,7,6.8,6.9,6.9,7.2,6.9,7.2,6.8,7,7.2,7,7.1,7.5,7.2,7.1,7.3,7.1,7.3,7.2,7.1,7.2,6.9,7.1,7.2,7.3,7.2,7.5,7.2,7.6,7.4,7.5,7.1,7.4,7.3,7.2,7.1,7.4,7.3,7.3,7.3,7.4,7.2,7.6,7.4,7.4,7.4,7.3,7.4,7.6,7.4,7.5,7.5,7.4,7.3,7.4,7.3,7.4,7.8,7.3,7.4,7.5,7.5,7.6,7.5,7.9
RCP8.5,	SUDBURY,5.9,5.9,5.9,5.8,5.8,5.9,6,5.9,5.9,6.1,6,5.9,5.9,6.1,5.8,6,6,5.9,5.9,5.9,6.1,6,5.9,6,6,6,5.9,5.9,6,6,6.1,6,5.9,6.1,5.9,6.1,6,6.1,5.9,6.2,6.1,6,6.2,6,6,6.3,6.2,6.2,6,6.2,6.1,6.3,6.2,6.1,6.2,6.2,6.1,6.2,6.3,6.4,6.2,6,6.2,6.4,6.1,6.4,6.4,6.3,6.3,6.3,6.4,6.4,6.1,6.4,6.2,6.2,6.4,6.4,6.5,6.2,6.3,6.3,6.6,6.5,6.7,6.4,6.5,6.5,6.4,6.6,6.4,6.4,6.3,6.6,6.4,6.5,6.7,6.5,6.7,6.5,6.6,6.4,6.5,6.6,6.7,6.6,6.4,6.7,6.5,6.6,6.7,6.7,6.7,6.5,6.6,6.6,6.6,6.8,6.8
RCP8.5,	SUDBURY-REGION,6.3,6.3,6.4,6.2,6.2,6.2,6.4,6.3,6.4,6.6,6.5,6.3,6.3,6.5,6.2,6.4,6.4,6.2,6.3,6.4,6.6,6.4,6.4,6.5,6.4,6.4,6.3,6.4,6.4,6.4,6.6,6.4,6.4,6.5,6.3,6.6,6.4,6.6,6.3,6.6,6.5,6.4,6.6,6.5,6.4,6.7,6.6,6.7,6.5,6.6,6.6,6.8,6.6,6.6,6.7,6.7,6.6,6.7,6.8,6.8,6.8,6.5,6.6,6.8,6.7,6.9,6.9,6.8,6.8,6.8,6.8,6.8,6.6,6.8,6.5,6.7,6.8,6.9,6.9,6.7,6.7,6.7,7.1,7.1,7.2,6.9,6.9,7,6.8,7,6.9,6.9,6.7,7,6.8,7,7.2,6.9,7.1,7,7,6.9,7,7,7,7.1,7,7.1,7.1,7,7.2,7.2,7.1,7,7.2,7,7.1,7.3,7.3
RCP8.5,	THUNDER-BAY,5.8,5.8,5.7,5.6,5.6,5.8,5.8,5.7,5.8,5.9,5.7,5.7,5.9,5.9,5.8,5.8,6,5.8,5.9,5.8,5.9,5.8,5.7,5.9,5.9,6,5.9,5.8,5.8,6,6,5.7,6,5.8,5.7,6,5.9,5.8,5.9,5.8,5.9,6,6.3,5.8,5.9,5.9,6.1,6,5.9,6.2,6.1,6.2,6,5.9,6,5.9,6,6.1,6.1,6.2,6.1,6,6.1,6.2,6,6.2,6,6.2,6.1,6.2,6.2,6.2,6.2,6.4,6.2,6.2,6.2,6.2,6.2,6,6.3,6.2,6.3,6.1,6.3,6.3,6.2,6.5,6.2,6.4,6.3,6.2,6.2,6.4,6.4,6.4,6.6,6.1,6.5,6.3,6.6,6.5,6.3,6.5,6.4,6.4,6.6,6.5,6.4,6.5,6.5,6.7,6.6,6.5,6.6,6.5,6.5,6.5,6.6
RCP8.5,	TIMISKAMING,5.7,5.8,5.7,5.7,5.6,5.9,5.9,5.7,5.7,5.9,5.9,5.7,5.7,5.9,5.7,5.9,5.9,5.7,5.7,5.7,6,5.9,5.8,5.9,5.8,5.9,5.8,5.8,5.9,5.8,5.9,5.8,5.8,5.9,5.8,6,5.9,6,5.8,6,6,5.9,6.1,5.8,5.8,6.2,6,6.1,5.9,6.1,6,6,6,6.1,6,6.1,6,6.1,6.2,6.3,6,5.9,6,6.2,6,6.3,6.3,6.2,6.2,6.2,6.3,6.2,5.9,6.2,6,6,6.3,6.3,6.4,6.1,6.1,6.1,6.5,6.4,6.5,6.3,6.2,6.3,6.3,6.5,6.3,6.2,6.2,6.5,6.2,6.3,6.6,6.3,6.5,6.3,6.4,6.3,6.4,6.4,6.5,6.4,6.3,6.4,6.4,6.5,6.6,6.6,6.5,6.4,6.4,6.4,6.3,6.6,6.7
RCP8.5,	VICTORIA,6.7,6.9,6.7,6.6,6.5,6.7,6.9,6.9,7,6.9,6.7,6.8,6.7,6.9,6.5,6.7,6.8,6.8,6.8,6.9,6.9,6.9,6.7,7,6.9,6.8,6.8,6.9,7,6.9,6.9,6.9,7,6.8,6.8,7,6.8,7.1,6.8,7,7,7,6.8,7.1,7,7,7.1,7.2,6.8,6.9,7.1,7.2,7,6.9,7.2,7.1,7,7,7.2,6.9,7.3,6.8,7,7,7.1,7.1,7.4,7.2,7.2,7.2,7.1,7.2,7.1,7.1,7.2,7,7.2,7.2,7.5,7.3,7.4,7.2,7.5,7.5,7.5,7.4,7.3,7.3,7.2,7.1,7.6,7.3,7.3,7.2,7.3,7.4,7.5,7.4,7.5,7.6,7.3,7.2,7.6,7.4,7.4,7.5,7.6,7.4,7.5,7.4,7.5,7.8,7.2,7.6,7.5,7.5,7.7,7.5,7.9
RCP8.5,	WATERLOO,6.4,6.6,6.6,6.6,6.4,6.5,6.7,6.7,6.7,6.7,6.5,6.6,6.7,6.6,6.4,6.4,6.5,6.7,6.6,6.6,6.6,6.6,6.5,6.6,6.8,6.6,6.6,6.5,6.9,6.6,6.6,6.7,6.7,6.5,6.7,6.7,6.6,7,6.7,6.6,6.7,6.9,6.7,6.9,6.9,6.7,7,7,6.5,6.7,7,7.1,6.6,6.5,7,6.8,6.7,6.9,6.9,6.8,7.1,6.6,6.7,6.7,7,6.9,6.9,6.9,7.2,6.8,7,7,6.9,6.9,7.1,6.9,6.9,7.2,7.2,7.3,7.1,7.1,7.2,7.3,7.4,7.2,7.2,7.2,7,7,7.2,7.2,7.1,7.1,7,7.1,7.3,7.2,7.3,7.5,7.1,7,7.3,7.4,7.1,7.3,7.3,7.2,7.3,7.1,7.4,7.5,7,7.2,7.4,7.4,7.6,7.2,7.6
RCP8.5,	WELLINGTON,6.4,6.6,6.6,6.5,6.4,6.5,6.6,6.7,6.7,6.7,6.5,6.5,6.6,6.6,6.4,6.4,6.5,6.7,6.6,6.6,6.6,6.6,6.5,6.6,6.7,6.5,6.5,6.6,6.9,6.6,6.6,6.6,6.7,6.5,6.7,6.7,6.6,7,6.7,6.7,6.8,6.9,6.6,6.9,6.8,6.7,6.9,7,6.5,6.6,6.9,7.1,6.6,6.5,7,6.8,6.7,6.8,6.9,6.7,7,6.6,6.7,6.7,6.9,6.9,6.9,6.9,7.1,6.8,7,6.9,6.8,6.9,7.1,6.9,6.9,7.1,7.2,7.2,7.1,7,7.2,7.2,7.3,7.1,7.2,7.2,7,7,7.2,7.1,7.1,7.1,6.9,7.1,7.2,7.1,7.2,7.4,7.1,7,7.3,7.4,7.1,7.2,7.4,7.2,7.2,7,7.3,7.5,7,7.3,7.4,7.3,7.6,7.2,7.6
RCP8.5,	YORK,6.4,6.7,6.6,6.6,6.4,6.5,6.8,6.7,6.8,6.7,6.5,6.6,6.6,6.7,6.4,6.4,6.6,6.7,6.7,6.7,6.6,6.6,6.6,6.7,6.8,6.5,6.6,6.7,6.9,6.7,6.8,6.7,6.8,6.6,6.7,6.8,6.6,7,6.8,6.7,6.8,6.9,6.7,6.9,6.8,6.8,6.9,7,6.6,6.7,7,7,6.7,6.6,7,7,6.8,6.9,6.9,6.7,7.1,6.6,6.8,6.8,7,7,7.1,7,7.1,6.9,7,7.1,7,6.9,7.1,6.9,7,7.1,7.3,7.2,7.2,7,7.3,7.2,7.3,7.2,7.2,7.2,7,6.9,7.3,7.1,7.2,7.1,7,7.2,7.2,7.3,7.3,7.4,7.1,7.1,7.4,7.4,7.1,7.2,7.4,7.2,7.3,7.2,7.3,7.5,7,7.4,7.4,7.4,7.6,7.3,7.7
